"unit";"age";"sex";"geo";"X2014"
"THS";"Y15-24";"F";"AT";26.8
"THS";"Y15-24";"F";"AT1";14.3
"THS";"Y15-24";"F";"AT11";NA
"THS";"Y15-24";"F";"AT12";5.6
"THS";"Y15-24";"F";"AT13";7.9
"THS";"Y15-24";"F";"AT2";4.6
"THS";"Y15-24";"F";"AT21";NA
"THS";"Y15-24";"F";"AT22";NA
"THS";"Y15-24";"F";"AT3";8
"THS";"Y15-24";"F";"AT31";4.6
"THS";"Y15-24";"F";"AT32";NA
"THS";"Y15-24";"F";"AT33";NA
"THS";"Y15-24";"F";"AT34";NA
"THS";"Y15-24";"F";"BE";40.8
"THS";"Y15-24";"F";"BE1";5
"THS";"Y15-24";"F";"BE10";5
"THS";"Y15-24";"F";"BE2";17.6
"THS";"Y15-24";"F";"BE21";5.5
"THS";"Y15-24";"F";"BE22";NA
"THS";"Y15-24";"F";"BE23";3.9
"THS";"Y15-24";"F";"BE24";3.2
"THS";"Y15-24";"F";"BE25";3.1
"THS";"Y15-24";"F";"BE3";18.2
"THS";"Y15-24";"F";"BE31";NA
"THS";"Y15-24";"F";"BE32";7.7
"THS";"Y15-24";"F";"BE33";5.4
"THS";"Y15-24";"F";"BE34";NA
"THS";"Y15-24";"F";"BE35";2.5
"THS";"Y15-24";"F";"BG";19.3
"THS";"Y15-24";"F";"BG3";10.4
"THS";"Y15-24";"F";"BG31";NA
"THS";"Y15-24";"F";"BG32";NA
"THS";"Y15-24";"F";"BG33";NA
"THS";"Y15-24";"F";"BG34";NA
"THS";"Y15-24";"F";"BG4";8.9
"THS";"Y15-24";"F";"BG41";4
"THS";"Y15-24";"F";"BG42";4.9
"THS";"Y15-24";"F";"CY";7.6
"THS";"Y15-24";"F";"CY0";7.6
"THS";"Y15-24";"F";"CY00";7.6
"THS";"Y15-24";"F";"CZ";24.1
"THS";"Y15-24";"F";"CZ0";24.1
"THS";"Y15-24";"F";"CZ01";1.5
"THS";"Y15-24";"F";"CZ02";2.5
"THS";"Y15-24";"F";"CZ03";2.8
"THS";"Y15-24";"F";"CZ04";3.1
"THS";"Y15-24";"F";"CZ05";3.8
"THS";"Y15-24";"F";"CZ06";3.6
"THS";"Y15-24";"F";"CZ07";2.3
"THS";"Y15-24";"F";"CZ08";4.3
"THS";"Y15-24";"F";"DE";137.8
"THS";"Y15-24";"F";"DE1";15.5
"THS";"Y15-24";"F";"DE11";5.2
"THS";"Y15-24";"F";"DE12";NA
"THS";"Y15-24";"F";"DE13";NA
"THS";"Y15-24";"F";"DE14";NA
"THS";"Y15-24";"F";"DE2";15.2
"THS";"Y15-24";"F";"DE21";NA
"THS";"Y15-24";"F";"DE22";NA
"THS";"Y15-24";"F";"DE23";NA
"THS";"Y15-24";"F";"DE24";NA
"THS";"Y15-24";"F";"DE25";NA
"THS";"Y15-24";"F";"DE26";NA
"THS";"Y15-24";"F";"DE27";NA
"THS";"Y15-24";"F";"DE3";8.6
"THS";"Y15-24";"F";"DE30";8.6
"THS";"Y15-24";"F";"DE4";NA
"THS";"Y15-24";"F";"DE40";NA
"THS";"Y15-24";"F";"DE5";NA
"THS";"Y15-24";"F";"DE50";NA
"THS";"Y15-24";"F";"DE6";NA
"THS";"Y15-24";"F";"DE60";NA
"THS";"Y15-24";"F";"DE7";12.8
"THS";"Y15-24";"F";"DE71";7
"THS";"Y15-24";"F";"DE72";NA
"THS";"Y15-24";"F";"DE73";NA
"THS";"Y15-24";"F";"DE8";NA
"THS";"Y15-24";"F";"DE80";NA
"THS";"Y15-24";"F";"DE9";11.2
"THS";"Y15-24";"F";"DE91";NA
"THS";"Y15-24";"F";"DE92";NA
"THS";"Y15-24";"F";"DE93";NA
"THS";"Y15-24";"F";"DE94";NA
"THS";"Y15-24";"F";"DEA";33
"THS";"Y15-24";"F";"DEA1";8.9
"THS";"Y15-24";"F";"DEA2";7.4
"THS";"Y15-24";"F";"DEA3";5.5
"THS";"Y15-24";"F";"DEA4";NA
"THS";"Y15-24";"F";"DEA5";6.8
"THS";"Y15-24";"F";"DEB";8.3
"THS";"Y15-24";"F";"DEB1";NA
"THS";"Y15-24";"F";"DEB2";NA
"THS";"Y15-24";"F";"DEB3";NA
"THS";"Y15-24";"F";"DEC";NA
"THS";"Y15-24";"F";"DEC0";NA
"THS";"Y15-24";"F";"DED";8.6
"THS";"Y15-24";"F";"DED2";NA
"THS";"Y15-24";"F";"DED4";NA
"THS";"Y15-24";"F";"DED5";NA
"THS";"Y15-24";"F";"DEE";NA
"THS";"Y15-24";"F";"DEE0";NA
"THS";"Y15-24";"F";"DEF";NA
"THS";"Y15-24";"F";"DEF0";NA
"THS";"Y15-24";"F";"DEG";NA
"THS";"Y15-24";"F";"DEG0";NA
"THS";"Y15-24";"F";"DK";24.9
"THS";"Y15-24";"F";"DK0";24.9
"THS";"Y15-24";"F";"DK01";8.2
"THS";"Y15-24";"F";"DK02";3.3
"THS";"Y15-24";"F";"DK03";5.7
"THS";"Y15-24";"F";"DK04";5.2
"THS";"Y15-24";"F";"DK05";2.5
"THS";"Y15-24";"F";"EE";2.6
"THS";"Y15-24";"F";"EE0";2.6
"THS";"Y15-24";"F";"EE00";2.6
"THS";"Y15-24";"F";"EL";83.3
"THS";"Y15-24";"F";"EL3";29.9
"THS";"Y15-24";"F";"EL30";29.9
"THS";"Y15-24";"F";"EL4";7.5
"THS";"Y15-24";"F";"EL41";NA
"THS";"Y15-24";"F";"EL42";2
"THS";"Y15-24";"F";"EL43";4.4
"THS";"Y15-24";"F";"EL5";20.9
"THS";"Y15-24";"F";"EL51";4.5
"THS";"Y15-24";"F";"EL52";12.1
"THS";"Y15-24";"F";"EL53";1.6
"THS";"Y15-24";"F";"EL54";2.8
"THS";"Y15-24";"F";"EL6";25
"THS";"Y15-24";"F";"EL61";6
"THS";"Y15-24";"F";"EL62";1.9
"THS";"Y15-24";"F";"EL63";7.3
"THS";"Y15-24";"F";"EL64";4.9
"THS";"Y15-24";"F";"EL65";4.8
"THS";"Y15-24";"F";"ES";394.2
"THS";"Y15-24";"F";"ES1";22.9
"THS";"Y15-24";"F";"ES11";15.6
"THS";"Y15-24";"F";"ES12";5
"THS";"Y15-24";"F";"ES13";2.3
"THS";"Y15-24";"F";"ES2";25.4
"THS";"Y15-24";"F";"ES21";9.6
"THS";"Y15-24";"F";"ES22";3.3
"THS";"Y15-24";"F";"ES23";2.2
"THS";"Y15-24";"F";"ES24";10.4
"THS";"Y15-24";"F";"ES3";55.4
"THS";"Y15-24";"F";"ES30";55.4
"THS";"Y15-24";"F";"ES4";47.3
"THS";"Y15-24";"F";"ES41";14.8
"THS";"Y15-24";"F";"ES42";22
"THS";"Y15-24";"F";"ES43";10.6
"THS";"Y15-24";"F";"ES5";114.8
"THS";"Y15-24";"F";"ES51";61.1
"THS";"Y15-24";"F";"ES52";44.7
"THS";"Y15-24";"F";"ES53";9
"THS";"Y15-24";"F";"ES6";106.6
"THS";"Y15-24";"F";"ES61";90.2
"THS";"Y15-24";"F";"ES62";14.2
"THS";"Y15-24";"F";"ES63";1.2
"THS";"Y15-24";"F";"ES64";NA
"THS";"Y15-24";"F";"ES7";21.8
"THS";"Y15-24";"F";"ES70";21.8
"THS";"Y15-24";"F";"FI";30.6
"THS";"Y15-24";"F";"FI1";30.5
"THS";"Y15-24";"F";"FI19";8
"THS";"Y15-24";"F";"FI1B";8.2
"THS";"Y15-24";"F";"FI1C";6.9
"THS";"Y15-24";"F";"FI1D";7.4
"THS";"Y15-24";"F";"FI2";NA
"THS";"Y15-24";"F";"FI20";NA
"THS";"Y15-24";"F";"FR";288.6
"THS";"Y15-24";"F";"FR1";41.8
"THS";"Y15-24";"F";"FR10";41.8
"THS";"Y15-24";"F";"FR2";52.4
"THS";"Y15-24";"F";"FR21";7.7
"THS";"Y15-24";"F";"FR22";10.4
"THS";"Y15-24";"F";"FR23";8
"THS";"Y15-24";"F";"FR24";11
"THS";"Y15-24";"F";"FR25";7.7
"THS";"Y15-24";"F";"FR26";7.6
"THS";"Y15-24";"F";"FR3";21.1
"THS";"Y15-24";"F";"FR30";21.1
"THS";"Y15-24";"F";"FR4";28.8
"THS";"Y15-24";"F";"FR41";11.6
"THS";"Y15-24";"F";"FR42";13.9
"THS";"Y15-24";"F";"FR43";NA
"THS";"Y15-24";"F";"FR5";36.7
"THS";"Y15-24";"F";"FR51";14.9
"THS";"Y15-24";"F";"FR52";10.1
"THS";"Y15-24";"F";"FR53";11.6
"THS";"Y15-24";"F";"FR6";24.7
"THS";"Y15-24";"F";"FR61";10.3
"THS";"Y15-24";"F";"FR62";10.4
"THS";"Y15-24";"F";"FR63";NA
"THS";"Y15-24";"F";"FR7";28.7
"THS";"Y15-24";"F";"FR71";24.5
"THS";"Y15-24";"F";"FR72";NA
"THS";"Y15-24";"F";"FR8";35
"THS";"Y15-24";"F";"FR81";13.1
"THS";"Y15-24";"F";"FR82";20.6
"THS";"Y15-24";"F";"FR83";NA
"THS";"Y15-24";"F";"FRA";19.4
"THS";"Y15-24";"F";"FRA1";2.8
"THS";"Y15-24";"F";"FRA2";2.6
"THS";"Y15-24";"F";"FRA3";NA
"THS";"Y15-24";"F";"FRA4";10.5
"THS";"Y15-24";"F";"FRA5";NA
"THS";"Y15-24";"F";"HR";31.9
"THS";"Y15-24";"F";"HR0";31.9
"THS";"Y15-24";"F";"HR03";11
"THS";"Y15-24";"F";"HR04";20.8
"THS";"Y15-24";"F";"HU";29.7
"THS";"Y15-24";"F";"HU1";6
"THS";"Y15-24";"F";"HU10";6
"THS";"Y15-24";"F";"HU2";6.9
"THS";"Y15-24";"F";"HU21";NA
"THS";"Y15-24";"F";"HU22";NA
"THS";"Y15-24";"F";"HU23";NA
"THS";"Y15-24";"F";"HU3";16.9
"THS";"Y15-24";"F";"HU31";4.5
"THS";"Y15-24";"F";"HU32";7.4
"THS";"Y15-24";"F";"HU33";4.9
"THS";"Y15-24";"F";"IE";19
"THS";"Y15-24";"F";"IE0";19
"THS";"Y15-24";"F";"IE01";6.1
"THS";"Y15-24";"F";"IE02";13
"THS";"Y15-24";"F";"IT";299.8
"THS";"Y15-24";"F";"ITC";64.3
"THS";"Y15-24";"F";"ITC1";22.8
"THS";"Y15-24";"F";"ITC2";NA
"THS";"Y15-24";"F";"ITC3";6
"THS";"Y15-24";"F";"ITC4";35
"THS";"Y15-24";"F";"ITF";91.9
"THS";"Y15-24";"F";"ITF1";5.2
"THS";"Y15-24";"F";"ITF2";NA
"THS";"Y15-24";"F";"ITF3";39.6
"THS";"Y15-24";"F";"ITF4";30.4
"THS";"Y15-24";"F";"ITF5";2.8
"THS";"Y15-24";"F";"ITF6";12.7
"THS";"Y15-24";"F";"ITG";39.4
"THS";"Y15-24";"F";"ITG1";29.8
"THS";"Y15-24";"F";"ITG2";9.6
"THS";"Y15-24";"F";"ITH";47.6
"THS";"Y15-24";"F";"ITH1";NA
"THS";"Y15-24";"F";"ITH2";2.4
"THS";"Y15-24";"F";"ITH3";22.2
"THS";"Y15-24";"F";"ITH4";3.3
"THS";"Y15-24";"F";"ITH5";18.5
"THS";"Y15-24";"F";"ITI";56.6
"THS";"Y15-24";"F";"ITI1";15.2
"THS";"Y15-24";"F";"ITI2";3.9
"THS";"Y15-24";"F";"ITI3";6.4
"THS";"Y15-24";"F";"ITI4";31.1
"THS";"Y15-24";"F";"LT";10.4
"THS";"Y15-24";"F";"LT0";10.4
"THS";"Y15-24";"F";"LT00";10.4
"THS";"Y15-24";"F";"LU";1.2
"THS";"Y15-24";"F";"LU0";1.2
"THS";"Y15-24";"F";"LU00";1.2
"THS";"Y15-24";"F";"LV";7.3
"THS";"Y15-24";"F";"LV0";7.3
"THS";"Y15-24";"F";"LV00";7.3
"THS";"Y15-24";"F";"MT";1.3
"THS";"Y15-24";"F";"MT0";1.3
"THS";"Y15-24";"F";"MT00";1.3
"THS";"Y15-24";"F";"NL";89.1
"THS";"Y15-24";"F";"NL1";9.1
"THS";"Y15-24";"F";"NL11";3.5
"THS";"Y15-24";"F";"NL12";3.6
"THS";"Y15-24";"F";"NL13";1.9
"THS";"Y15-24";"F";"NL2";18.6
"THS";"Y15-24";"F";"NL21";5.6
"THS";"Y15-24";"F";"NL22";9.2
"THS";"Y15-24";"F";"NL23";3.9
"THS";"Y15-24";"F";"NL3";43.6
"THS";"Y15-24";"F";"NL31";6.5
"THS";"Y15-24";"F";"NL32";13.7
"THS";"Y15-24";"F";"NL33";22.2
"THS";"Y15-24";"F";"NL34";NA
"THS";"Y15-24";"F";"NL4";17.8
"THS";"Y15-24";"F";"NL41";12.2
"THS";"Y15-24";"F";"NL42";5.6
"THS";"Y15-24";"F";"PL";152.6
"THS";"Y15-24";"F";"PL1";29.1
"THS";"Y15-24";"F";"PL11";8.9
"THS";"Y15-24";"F";"PL12";20.2
"THS";"Y15-24";"F";"PL2";29.8
"THS";"Y15-24";"F";"PL21";15.6
"THS";"Y15-24";"F";"PL22";14.2
"THS";"Y15-24";"F";"PL3";36.5
"THS";"Y15-24";"F";"PL31";11.5
"THS";"Y15-24";"F";"PL32";13.6
"THS";"Y15-24";"F";"PL33";6.7
"THS";"Y15-24";"F";"PL34";NA
"THS";"Y15-24";"F";"PL4";23.2
"THS";"Y15-24";"F";"PL41";14.3
"THS";"Y15-24";"F";"PL42";NA
"THS";"Y15-24";"F";"PL43";NA
"THS";"Y15-24";"F";"PL5";11.5
"THS";"Y15-24";"F";"PL51";8.4
"THS";"Y15-24";"F";"PL52";NA
"THS";"Y15-24";"F";"PL6";22.5
"THS";"Y15-24";"F";"PL61";11
"THS";"Y15-24";"F";"PL62";NA
"THS";"Y15-24";"F";"PL63";8
"THS";"Y15-24";"F";"PT";65.4
"THS";"Y15-24";"F";"PT1";59.9
"THS";"Y15-24";"F";"PT11";26.6
"THS";"Y15-24";"F";"PT15";NA
"THS";"Y15-24";"F";"PT16";10.8
"THS";"Y15-24";"F";"PT17";16.2
"THS";"Y15-24";"F";"PT18";NA
"THS";"Y15-24";"F";"PT2";NA
"THS";"Y15-24";"F";"PT20";NA
"THS";"Y15-24";"F";"PT3";NA
"THS";"Y15-24";"F";"PT30";NA
"THS";"Y15-24";"F";"RO";64.8
"THS";"Y15-24";"F";"RO1";17.2
"THS";"Y15-24";"F";"RO11";NA
"THS";"Y15-24";"F";"RO12";11.4
"THS";"Y15-24";"F";"RO2";15.8
"THS";"Y15-24";"F";"RO21";NA
"THS";"Y15-24";"F";"RO22";9.7
"THS";"Y15-24";"F";"RO3";21.2
"THS";"Y15-24";"F";"RO31";13.5
"THS";"Y15-24";"F";"RO32";7.7
"THS";"Y15-24";"F";"RO4";10.6
"THS";"Y15-24";"F";"RO41";NA
"THS";"Y15-24";"F";"RO42";NA
"THS";"Y15-24";"F";"SE";70.6
"THS";"Y15-24";"F";"SE1";27.4
"THS";"Y15-24";"F";"SE11";14.2
"THS";"Y15-24";"F";"SE12";13.2
"THS";"Y15-24";"F";"SE2";30.5
"THS";"Y15-24";"F";"SE21";5.6
"THS";"Y15-24";"F";"SE22";10.7
"THS";"Y15-24";"F";"SE23";14.2
"THS";"Y15-24";"F";"SE3";12.6
"THS";"Y15-24";"F";"SE31";6.8
"THS";"Y15-24";"F";"SE32";2.4
"THS";"Y15-24";"F";"SE33";3.4
"THS";"Y15-24";"F";"SI";6.5
"THS";"Y15-24";"F";"SI0";6.5
"THS";"Y15-24";"F";"SI03";4
"THS";"Y15-24";"F";"SI04";2.6
"THS";"Y15-24";"F";"SK";23.6
"THS";"Y15-24";"F";"SK0";23.6
"THS";"Y15-24";"F";"SK01";NA
"THS";"Y15-24";"F";"SK02";7.3
"THS";"Y15-24";"F";"SK03";6.1
"THS";"Y15-24";"F";"SK04";9.1
"THS";"Y15-24";"F";"UK";317.5
"THS";"Y15-24";"F";"UKC";22.9
"THS";"Y15-24";"F";"UKC1";11.7
"THS";"Y15-24";"F";"UKC2";11.2
"THS";"Y15-24";"F";"UKD";34.1
"THS";"Y15-24";"F";"UKD1";NA
"THS";"Y15-24";"F";"UKD3";15.6
"THS";"Y15-24";"F";"UKD4";7.1
"THS";"Y15-24";"F";"UKD6";NA
"THS";"Y15-24";"F";"UKD7";7.7
"THS";"Y15-24";"F";"UKE";35.4
"THS";"Y15-24";"F";"UKE1";6.1
"THS";"Y15-24";"F";"UKE2";4.5
"THS";"Y15-24";"F";"UKE3";14.4
"THS";"Y15-24";"F";"UKE4";10.4
"THS";"Y15-24";"F";"UKF";18.5
"THS";"Y15-24";"F";"UKF1";8.7
"THS";"Y15-24";"F";"UKF2";7.8
"THS";"Y15-24";"F";"UKF3";NA
"THS";"Y15-24";"F";"UKG";32.6
"THS";"Y15-24";"F";"UKG1";5.1
"THS";"Y15-24";"F";"UKG2";5.5
"THS";"Y15-24";"F";"UKG3";22
"THS";"Y15-24";"F";"UKH";22
"THS";"Y15-24";"F";"UKH1";8.6
"THS";"Y15-24";"F";"UKH2";5.5
"THS";"Y15-24";"F";"UKH3";7.8
"THS";"Y15-24";"F";"UKI";49.1
"THS";"Y15-24";"F";"UKI3";NA
"THS";"Y15-24";"F";"UKI4";15.3
"THS";"Y15-24";"F";"UKI5";11.8
"THS";"Y15-24";"F";"UKI6";8.7
"THS";"Y15-24";"F";"UKI7";10.8
"THS";"Y15-24";"F";"UKJ";36.3
"THS";"Y15-24";"F";"UKJ1";10.1
"THS";"Y15-24";"F";"UKJ2";10.4
"THS";"Y15-24";"F";"UKJ3";8.2
"THS";"Y15-24";"F";"UKJ4";7.6
"THS";"Y15-24";"F";"UKK";22.2
"THS";"Y15-24";"F";"UKK1";8.8
"THS";"Y15-24";"F";"UKK2";4.8
"THS";"Y15-24";"F";"UKK3";NA
"THS";"Y15-24";"F";"UKK4";7.3
"THS";"Y15-24";"F";"UKL";14.4
"THS";"Y15-24";"F";"UKL1";8.6
"THS";"Y15-24";"F";"UKL2";5.8
"THS";"Y15-24";"F";"UKM";22.8
"THS";"Y15-24";"F";"UKM2";11.8
"THS";"Y15-24";"F";"UKM3";9.8
"THS";"Y15-24";"F";"UKM5";NA
"THS";"Y15-24";"F";"UKM6";NA
"THS";"Y15-24";"F";"UKN";7.1
"THS";"Y15-24";"F";"UKN0";7.1
"THS";"Y15-24";"M";"AT";31.4
"THS";"Y15-24";"M";"AT1";18
"THS";"Y15-24";"M";"AT11";NA
"THS";"Y15-24";"M";"AT12";6.5
"THS";"Y15-24";"M";"AT13";10.7
"THS";"Y15-24";"M";"AT2";4.9
"THS";"Y15-24";"M";"AT21";NA
"THS";"Y15-24";"M";"AT22";3.4
"THS";"Y15-24";"M";"AT3";8.5
"THS";"Y15-24";"M";"AT31";4
"THS";"Y15-24";"M";"AT32";NA
"THS";"Y15-24";"M";"AT33";NA
"THS";"Y15-24";"M";"AT34";NA
"THS";"Y15-24";"M";"BE";51.8
"THS";"Y15-24";"M";"BE1";9.3
"THS";"Y15-24";"M";"BE10";9.3
"THS";"Y15-24";"M";"BE2";20.6
"THS";"Y15-24";"M";"BE21";5.3
"THS";"Y15-24";"M";"BE22";3.1
"THS";"Y15-24";"M";"BE23";5.8
"THS";"Y15-24";"M";"BE24";2.9
"THS";"Y15-24";"M";"BE25";3.4
"THS";"Y15-24";"M";"BE3";21.9
"THS";"Y15-24";"M";"BE31";NA
"THS";"Y15-24";"M";"BE32";9.3
"THS";"Y15-24";"M";"BE33";7.1
"THS";"Y15-24";"M";"BE34";NA
"THS";"Y15-24";"M";"BE35";2.7
"THS";"Y15-24";"M";"BG";28.4
"THS";"Y15-24";"M";"BG3";14.6
"THS";"Y15-24";"M";"BG31";NA
"THS";"Y15-24";"M";"BG32";NA
"THS";"Y15-24";"M";"BG33";3.7
"THS";"Y15-24";"M";"BG34";4.9
"THS";"Y15-24";"M";"BG4";13.7
"THS";"Y15-24";"M";"BG41";6.1
"THS";"Y15-24";"M";"BG42";7.6
"THS";"Y15-24";"M";"CY";7.6
"THS";"Y15-24";"M";"CY0";7.6
"THS";"Y15-24";"M";"CY00";7.6
"THS";"Y15-24";"M";"CZ";32.4
"THS";"Y15-24";"M";"CZ0";32.4
"THS";"Y15-24";"M";"CZ01";1.6
"THS";"Y15-24";"M";"CZ02";2.7
"THS";"Y15-24";"M";"CZ03";3.4
"THS";"Y15-24";"M";"CZ04";6
"THS";"Y15-24";"M";"CZ05";5.7
"THS";"Y15-24";"M";"CZ06";5.1
"THS";"Y15-24";"M";"CZ07";3.7
"THS";"Y15-24";"M";"CZ08";4.2
"THS";"Y15-24";"M";"DE";189.7
"THS";"Y15-24";"M";"DE1";17.6
"THS";"Y15-24";"M";"DE11";6.3
"THS";"Y15-24";"M";"DE12";NA
"THS";"Y15-24";"M";"DE13";NA
"THS";"Y15-24";"M";"DE14";NA
"THS";"Y15-24";"M";"DE2";19.1
"THS";"Y15-24";"M";"DE21";5.8
"THS";"Y15-24";"M";"DE22";NA
"THS";"Y15-24";"M";"DE23";NA
"THS";"Y15-24";"M";"DE24";NA
"THS";"Y15-24";"M";"DE25";NA
"THS";"Y15-24";"M";"DE26";NA
"THS";"Y15-24";"M";"DE27";NA
"THS";"Y15-24";"M";"DE3";14.1
"THS";"Y15-24";"M";"DE30";14.1
"THS";"Y15-24";"M";"DE4";NA
"THS";"Y15-24";"M";"DE40";NA
"THS";"Y15-24";"M";"DE5";NA
"THS";"Y15-24";"M";"DE50";NA
"THS";"Y15-24";"M";"DE6";NA
"THS";"Y15-24";"M";"DE60";NA
"THS";"Y15-24";"M";"DE7";17.7
"THS";"Y15-24";"M";"DE71";10.5
"THS";"Y15-24";"M";"DE72";NA
"THS";"Y15-24";"M";"DE73";NA
"THS";"Y15-24";"M";"DE8";NA
"THS";"Y15-24";"M";"DE80";NA
"THS";"Y15-24";"M";"DE9";17.4
"THS";"Y15-24";"M";"DE91";NA
"THS";"Y15-24";"M";"DE92";NA
"THS";"Y15-24";"M";"DE93";NA
"THS";"Y15-24";"M";"DE94";5.7
"THS";"Y15-24";"M";"DEA";50.4
"THS";"Y15-24";"M";"DEA1";12.3
"THS";"Y15-24";"M";"DEA2";12.5
"THS";"Y15-24";"M";"DEA3";8.1
"THS";"Y15-24";"M";"DEA4";6.3
"THS";"Y15-24";"M";"DEA5";11.2
"THS";"Y15-24";"M";"DEB";8.9
"THS";"Y15-24";"M";"DEB1";NA
"THS";"Y15-24";"M";"DEB2";NA
"THS";"Y15-24";"M";"DEB3";NA
"THS";"Y15-24";"M";"DEC";NA
"THS";"Y15-24";"M";"DEC0";NA
"THS";"Y15-24";"M";"DED";9
"THS";"Y15-24";"M";"DED2";NA
"THS";"Y15-24";"M";"DED4";NA
"THS";"Y15-24";"M";"DED5";NA
"THS";"Y15-24";"M";"DEE";6.1
"THS";"Y15-24";"M";"DEE0";6.1
"THS";"Y15-24";"M";"DEF";8.3
"THS";"Y15-24";"M";"DEF0";8.3
"THS";"Y15-24";"M";"DEG";NA
"THS";"Y15-24";"M";"DEG0";NA
"THS";"Y15-24";"M";"DK";30.7
"THS";"Y15-24";"M";"DK0";30.7
"THS";"Y15-24";"M";"DK01";10
"THS";"Y15-24";"M";"DK02";4.5
"THS";"Y15-24";"M";"DK03";5.7
"THS";"Y15-24";"M";"DK04";7
"THS";"Y15-24";"M";"DK05";3.5
"THS";"Y15-24";"M";"EE";5.8
"THS";"Y15-24";"M";"EE0";5.8
"THS";"Y15-24";"M";"EE00";5.8
"THS";"Y15-24";"M";"EL";77
"THS";"Y15-24";"M";"EL3";27.6
"THS";"Y15-24";"M";"EL30";27.6
"THS";"Y15-24";"M";"EL4";7.6
"THS";"Y15-24";"M";"EL41";1.6
"THS";"Y15-24";"M";"EL42";NA
"THS";"Y15-24";"M";"EL43";4.9
"THS";"Y15-24";"M";"EL5";22.3
"THS";"Y15-24";"M";"EL51";5.4
"THS";"Y15-24";"M";"EL52";12.5
"THS";"Y15-24";"M";"EL53";1.5
"THS";"Y15-24";"M";"EL54";2.8
"THS";"Y15-24";"M";"EL6";19.6
"THS";"Y15-24";"M";"EL61";4.4
"THS";"Y15-24";"M";"EL62";NA
"THS";"Y15-24";"M";"EL63";6.1
"THS";"Y15-24";"M";"EL64";5.3
"THS";"Y15-24";"M";"EL65";2.9
"THS";"Y15-24";"M";"ES";456.6
"THS";"Y15-24";"M";"ES1";27.4
"THS";"Y15-24";"M";"ES11";18.6
"THS";"Y15-24";"M";"ES12";4.9
"THS";"Y15-24";"M";"ES13";3.9
"THS";"Y15-24";"M";"ES2";29.9
"THS";"Y15-24";"M";"ES21";11
"THS";"Y15-24";"M";"ES22";5.4
"THS";"Y15-24";"M";"ES23";2.5
"THS";"Y15-24";"M";"ES24";11
"THS";"Y15-24";"M";"ES3";49.9
"THS";"Y15-24";"M";"ES30";49.9
"THS";"Y15-24";"M";"ES4";58.1
"THS";"Y15-24";"M";"ES41";17.9
"THS";"Y15-24";"M";"ES42";28
"THS";"Y15-24";"M";"ES43";12.2
"THS";"Y15-24";"M";"ES5";137.8
"THS";"Y15-24";"M";"ES51";72.9
"THS";"Y15-24";"M";"ES52";54.9
"THS";"Y15-24";"M";"ES53";10
"THS";"Y15-24";"M";"ES6";129.5
"THS";"Y15-24";"M";"ES61";112.3
"THS";"Y15-24";"M";"ES62";15.5
"THS";"Y15-24";"M";"ES63";1.2
"THS";"Y15-24";"M";"ES64";NA
"THS";"Y15-24";"M";"ES7";24.1
"THS";"Y15-24";"M";"ES70";24.1
"THS";"Y15-24";"M";"FI";37.1
"THS";"Y15-24";"M";"FI1";36.9
"THS";"Y15-24";"M";"FI19";8.7
"THS";"Y15-24";"M";"FI1B";10.5
"THS";"Y15-24";"M";"FI1C";7.7
"THS";"Y15-24";"M";"FI1D";10
"THS";"Y15-24";"M";"FI2";NA
"THS";"Y15-24";"M";"FI20";NA
"THS";"Y15-24";"M";"FR";384
"THS";"Y15-24";"M";"FR1";58.7
"THS";"Y15-24";"M";"FR10";58.7
"THS";"Y15-24";"M";"FR2";67.3
"THS";"Y15-24";"M";"FR21";8.7
"THS";"Y15-24";"M";"FR22";15
"THS";"Y15-24";"M";"FR23";14.3
"THS";"Y15-24";"M";"FR24";12.8
"THS";"Y15-24";"M";"FR25";7
"THS";"Y15-24";"M";"FR26";9.5
"THS";"Y15-24";"M";"FR3";33.2
"THS";"Y15-24";"M";"FR30";33.2
"THS";"Y15-24";"M";"FR4";35
"THS";"Y15-24";"M";"FR41";15
"THS";"Y15-24";"M";"FR42";13.1
"THS";"Y15-24";"M";"FR43";6.8
"THS";"Y15-24";"M";"FR5";45.2
"THS";"Y15-24";"M";"FR51";20.2
"THS";"Y15-24";"M";"FR52";14.2
"THS";"Y15-24";"M";"FR53";10.8
"THS";"Y15-24";"M";"FR6";38.4
"THS";"Y15-24";"M";"FR61";20.2
"THS";"Y15-24";"M";"FR62";14
"THS";"Y15-24";"M";"FR63";NA
"THS";"Y15-24";"M";"FR7";39.6
"THS";"Y15-24";"M";"FR71";34
"THS";"Y15-24";"M";"FR72";5.6
"THS";"Y15-24";"M";"FR8";44.4
"THS";"Y15-24";"M";"FR81";16.6
"THS";"Y15-24";"M";"FR82";27
"THS";"Y15-24";"M";"FR83";NA
"THS";"Y15-24";"M";"FRA";22.3
"THS";"Y15-24";"M";"FRA1";4
"THS";"Y15-24";"M";"FRA2";3.1
"THS";"Y15-24";"M";"FRA3";NA
"THS";"Y15-24";"M";"FRA4";12.4
"THS";"Y15-24";"M";"FRA5";NA
"THS";"Y15-24";"M";"HR";43.5
"THS";"Y15-24";"M";"HR0";43.5
"THS";"Y15-24";"M";"HR03";14
"THS";"Y15-24";"M";"HR04";29.5
"THS";"Y15-24";"M";"HU";37.9
"THS";"Y15-24";"M";"HU1";6.6
"THS";"Y15-24";"M";"HU10";6.6
"THS";"Y15-24";"M";"HU2";9.8
"THS";"Y15-24";"M";"HU21";3.9
"THS";"Y15-24";"M";"HU22";NA
"THS";"Y15-24";"M";"HU23";3.5
"THS";"Y15-24";"M";"HU3";21.5
"THS";"Y15-24";"M";"HU31";5.4
"THS";"Y15-24";"M";"HU32";9.9
"THS";"Y15-24";"M";"HU33";6.3
"THS";"Y15-24";"M";"IE";27.8
"THS";"Y15-24";"M";"IE0";27.8
"THS";"Y15-24";"M";"IE01";8
"THS";"Y15-24";"M";"IE02";19.8
"THS";"Y15-24";"M";"IT";392.3
"THS";"Y15-24";"M";"ITC";89.1
"THS";"Y15-24";"M";"ITC1";28.5
"THS";"Y15-24";"M";"ITC2";NA
"THS";"Y15-24";"M";"ITC3";9.7
"THS";"Y15-24";"M";"ITC4";50.2
"THS";"Y15-24";"M";"ITF";127.1
"THS";"Y15-24";"M";"ITF1";8.8
"THS";"Y15-24";"M";"ITF2";2.2
"THS";"Y15-24";"M";"ITF3";52.3
"THS";"Y15-24";"M";"ITF4";40.3
"THS";"Y15-24";"M";"ITF5";3.5
"THS";"Y15-24";"M";"ITF6";20
"THS";"Y15-24";"M";"ITG";62.5
"THS";"Y15-24";"M";"ITG1";49.9
"THS";"Y15-24";"M";"ITG2";12.6
"THS";"Y15-24";"M";"ITH";44.6
"THS";"Y15-24";"M";"ITH1";1.7
"THS";"Y15-24";"M";"ITH2";2
"THS";"Y15-24";"M";"ITH3";16.2
"THS";"Y15-24";"M";"ITH4";4.5
"THS";"Y15-24";"M";"ITH5";20.2
"THS";"Y15-24";"M";"ITI";69
"THS";"Y15-24";"M";"ITI1";20.4
"THS";"Y15-24";"M";"ITI2";5.5
"THS";"Y15-24";"M";"ITI3";7.7
"THS";"Y15-24";"M";"ITI4";35.4
"THS";"Y15-24";"M";"LT";15
"THS";"Y15-24";"M";"LT0";15
"THS";"Y15-24";"M";"LT00";15
"THS";"Y15-24";"M";"LU";2.3
"THS";"Y15-24";"M";"LU0";2.3
"THS";"Y15-24";"M";"LU00";2.3
"THS";"Y15-24";"M";"LV";9.5
"THS";"Y15-24";"M";"LV0";9.5
"THS";"Y15-24";"M";"LV00";9.5
"THS";"Y15-24";"M";"MT";2
"THS";"Y15-24";"M";"MT0";2
"THS";"Y15-24";"M";"MT00";2
"THS";"Y15-24";"M";"NL";86.2
"THS";"Y15-24";"M";"NL1";10.3
"THS";"Y15-24";"M";"NL11";4.2
"THS";"Y15-24";"M";"NL12";3.3
"THS";"Y15-24";"M";"NL13";2.8
"THS";"Y15-24";"M";"NL2";17
"THS";"Y15-24";"M";"NL21";6.1
"THS";"Y15-24";"M";"NL22";7.7
"THS";"Y15-24";"M";"NL23";3.1
"THS";"Y15-24";"M";"NL3";40.8
"THS";"Y15-24";"M";"NL31";6.1
"THS";"Y15-24";"M";"NL32";13.1
"THS";"Y15-24";"M";"NL33";20.1
"THS";"Y15-24";"M";"NL34";NA
"THS";"Y15-24";"M";"NL4";18.2
"THS";"Y15-24";"M";"NL41";12.2
"THS";"Y15-24";"M";"NL42";6
"THS";"Y15-24";"M";"PL";194.8
"THS";"Y15-24";"M";"PL1";34.8
"THS";"Y15-24";"M";"PL11";14.2
"THS";"Y15-24";"M";"PL12";20.6
"THS";"Y15-24";"M";"PL2";41.1
"THS";"Y15-24";"M";"PL21";18.9
"THS";"Y15-24";"M";"PL22";22.3
"THS";"Y15-24";"M";"PL3";47.3
"THS";"Y15-24";"M";"PL31";14.6
"THS";"Y15-24";"M";"PL32";17.9
"THS";"Y15-24";"M";"PL33";9.4
"THS";"Y15-24";"M";"PL34";5.4
"THS";"Y15-24";"M";"PL4";24.8
"THS";"Y15-24";"M";"PL41";14.5
"THS";"Y15-24";"M";"PL42";6.2
"THS";"Y15-24";"M";"PL43";NA
"THS";"Y15-24";"M";"PL5";16.2
"THS";"Y15-24";"M";"PL51";12.5
"THS";"Y15-24";"M";"PL52";NA
"THS";"Y15-24";"M";"PL6";30.5
"THS";"Y15-24";"M";"PL61";11.2
"THS";"Y15-24";"M";"PL62";7.2
"THS";"Y15-24";"M";"PL63";12.1
"THS";"Y15-24";"M";"PT";66.1
"THS";"Y15-24";"M";"PT1";61.5
"THS";"Y15-24";"M";"PT11";26.7
"THS";"Y15-24";"M";"PT15";NA
"THS";"Y15-24";"M";"PT16";10.6
"THS";"Y15-24";"M";"PT17";16.3
"THS";"Y15-24";"M";"PT18";4.9
"THS";"Y15-24";"M";"PT2";NA
"THS";"Y15-24";"M";"PT20";NA
"THS";"Y15-24";"M";"PT3";NA
"THS";"Y15-24";"M";"PT30";NA
"THS";"Y15-24";"M";"RO";95.9
"THS";"Y15-24";"M";"RO1";20.6
"THS";"Y15-24";"M";"RO11";6.8
"THS";"Y15-24";"M";"RO12";13.8
"THS";"Y15-24";"M";"RO2";25.2
"THS";"Y15-24";"M";"RO21";10.9
"THS";"Y15-24";"M";"RO22";14.3
"THS";"Y15-24";"M";"RO3";32.9
"THS";"Y15-24";"M";"RO31";25.2
"THS";"Y15-24";"M";"RO32";7.7
"THS";"Y15-24";"M";"RO4";17.1
"THS";"Y15-24";"M";"RO41";10.2
"THS";"Y15-24";"M";"RO42";6.9
"THS";"Y15-24";"M";"SE";82.7
"THS";"Y15-24";"M";"SE1";31
"THS";"Y15-24";"M";"SE11";15.9
"THS";"Y15-24";"M";"SE12";15.1
"THS";"Y15-24";"M";"SE2";38
"THS";"Y15-24";"M";"SE21";6.5
"THS";"Y15-24";"M";"SE22";14.5
"THS";"Y15-24";"M";"SE23";17
"THS";"Y15-24";"M";"SE3";13.6
"THS";"Y15-24";"M";"SE31";6.4
"THS";"Y15-24";"M";"SE32";2.7
"THS";"Y15-24";"M";"SE33";4.5
"THS";"Y15-24";"M";"SI";7.7
"THS";"Y15-24";"M";"SI0";7.7
"THS";"Y15-24";"M";"SI03";4.9
"THS";"Y15-24";"M";"SI04";2.7
"THS";"Y15-24";"M";"SK";39.1
"THS";"Y15-24";"M";"SK0";39.1
"THS";"Y15-24";"M";"SK01";NA
"THS";"Y15-24";"M";"SK02";11.2
"THS";"Y15-24";"M";"SK03";12.4
"THS";"Y15-24";"M";"SK04";13.8
"THS";"Y15-24";"M";"UK";443.2
"THS";"Y15-24";"M";"UKC";23.4
"THS";"Y15-24";"M";"UKC1";10.6
"THS";"Y15-24";"M";"UKC2";12.8
"THS";"Y15-24";"M";"UKD";51.3
"THS";"Y15-24";"M";"UKD1";NA
"THS";"Y15-24";"M";"UKD3";25.4
"THS";"Y15-24";"M";"UKD4";8.5
"THS";"Y15-24";"M";"UKD6";NA
"THS";"Y15-24";"M";"UKD7";11.8
"THS";"Y15-24";"M";"UKE";37
"THS";"Y15-24";"M";"UKE1";6.5
"THS";"Y15-24";"M";"UKE2";NA
"THS";"Y15-24";"M";"UKE3";10.2
"THS";"Y15-24";"M";"UKE4";18.1
"THS";"Y15-24";"M";"UKF";28.2
"THS";"Y15-24";"M";"UKF1";16.8
"THS";"Y15-24";"M";"UKF2";8.4
"THS";"Y15-24";"M";"UKF3";NA
"THS";"Y15-24";"M";"UKG";47.8
"THS";"Y15-24";"M";"UKG1";7.3
"THS";"Y15-24";"M";"UKG2";8.8
"THS";"Y15-24";"M";"UKG3";31.7
"THS";"Y15-24";"M";"UKH";39.1
"THS";"Y15-24";"M";"UKH1";18
"THS";"Y15-24";"M";"UKH2";10.1
"THS";"Y15-24";"M";"UKH3";11
"THS";"Y15-24";"M";"UKI";49.9
"THS";"Y15-24";"M";"UKI3";5.2
"THS";"Y15-24";"M";"UKI4";14.3
"THS";"Y15-24";"M";"UKI5";11.5
"THS";"Y15-24";"M";"UKI6";6.7
"THS";"Y15-24";"M";"UKI7";12.2
"THS";"Y15-24";"M";"UKJ";50.4
"THS";"Y15-24";"M";"UKJ1";9.1
"THS";"Y15-24";"M";"UKJ2";18.4
"THS";"Y15-24";"M";"UKJ3";9.9
"THS";"Y15-24";"M";"UKJ4";12.9
"THS";"Y15-24";"M";"UKK";31.9
"THS";"Y15-24";"M";"UKK1";13.6
"THS";"Y15-24";"M";"UKK2";9.9
"THS";"Y15-24";"M";"UKK3";NA
"THS";"Y15-24";"M";"UKK4";5.7
"THS";"Y15-24";"M";"UKL";25.7
"THS";"Y15-24";"M";"UKL1";17.1
"THS";"Y15-24";"M";"UKL2";8.7
"THS";"Y15-24";"M";"UKM";43.8
"THS";"Y15-24";"M";"UKM2";15
"THS";"Y15-24";"M";"UKM3";20.5
"THS";"Y15-24";"M";"UKM5";NA
"THS";"Y15-24";"M";"UKM6";6.3
"THS";"Y15-24";"M";"UKN";14.7
"THS";"Y15-24";"M";"UKN0";14.7
"THS";"Y15-24";"T";"AT";58.2
"THS";"Y15-24";"T";"AT1";32.3
"THS";"Y15-24";"T";"AT11";NA
"THS";"Y15-24";"T";"AT12";12.1
"THS";"Y15-24";"T";"AT13";18.6
"THS";"Y15-24";"T";"AT2";9.5
"THS";"Y15-24";"T";"AT21";3.3
"THS";"Y15-24";"T";"AT22";6.2
"THS";"Y15-24";"T";"AT3";16.5
"THS";"Y15-24";"T";"AT31";8.6
"THS";"Y15-24";"T";"AT32";NA
"THS";"Y15-24";"T";"AT33";3.2
"THS";"Y15-24";"T";"AT34";NA
"THS";"Y15-24";"T";"BE";92.6
"THS";"Y15-24";"T";"BE1";14.4
"THS";"Y15-24";"T";"BE10";14.4
"THS";"Y15-24";"T";"BE2";38.2
"THS";"Y15-24";"T";"BE21";10.7
"THS";"Y15-24";"T";"BE22";5.1
"THS";"Y15-24";"T";"BE23";9.7
"THS";"Y15-24";"T";"BE24";6.2
"THS";"Y15-24";"T";"BE25";6.5
"THS";"Y15-24";"T";"BE3";40.1
"THS";"Y15-24";"T";"BE31";2.6
"THS";"Y15-24";"T";"BE32";17
"THS";"Y15-24";"T";"BE33";12.5
"THS";"Y15-24";"T";"BE34";2.7
"THS";"Y15-24";"T";"BE35";5.3
"THS";"Y15-24";"T";"BG";47.6
"THS";"Y15-24";"T";"BG3";25
"THS";"Y15-24";"T";"BG31";5.6
"THS";"Y15-24";"T";"BG32";5.1
"THS";"Y15-24";"T";"BG33";6.5
"THS";"Y15-24";"T";"BG34";7.8
"THS";"Y15-24";"T";"BG4";22.6
"THS";"Y15-24";"T";"BG41";10.1
"THS";"Y15-24";"T";"BG42";12.5
"THS";"Y15-24";"T";"CY";15.2
"THS";"Y15-24";"T";"CY0";15.2
"THS";"Y15-24";"T";"CY00";15.2
"THS";"Y15-24";"T";"CZ";56.4
"THS";"Y15-24";"T";"CZ0";56.4
"THS";"Y15-24";"T";"CZ01";3.1
"THS";"Y15-24";"T";"CZ02";5.2
"THS";"Y15-24";"T";"CZ03";6.3
"THS";"Y15-24";"T";"CZ04";9.1
"THS";"Y15-24";"T";"CZ05";9.5
"THS";"Y15-24";"T";"CZ06";8.8
"THS";"Y15-24";"T";"CZ07";6
"THS";"Y15-24";"T";"CZ08";8.5
"THS";"Y15-24";"T";"DE";327.5
"THS";"Y15-24";"T";"DE1";33.1
"THS";"Y15-24";"T";"DE11";11.5
"THS";"Y15-24";"T";"DE12";8.2
"THS";"Y15-24";"T";"DE13";7.1
"THS";"Y15-24";"T";"DE14";6.4
"THS";"Y15-24";"T";"DE2";34.3
"THS";"Y15-24";"T";"DE21";9.2
"THS";"Y15-24";"T";"DE22";NA
"THS";"Y15-24";"T";"DE23";NA
"THS";"Y15-24";"T";"DE24";NA
"THS";"Y15-24";"T";"DE25";6
"THS";"Y15-24";"T";"DE26";NA
"THS";"Y15-24";"T";"DE27";NA
"THS";"Y15-24";"T";"DE3";22.7
"THS";"Y15-24";"T";"DE30";22.7
"THS";"Y15-24";"T";"DE4";8.7
"THS";"Y15-24";"T";"DE40";8.7
"THS";"Y15-24";"T";"DE5";NA
"THS";"Y15-24";"T";"DE50";NA
"THS";"Y15-24";"T";"DE6";6.7
"THS";"Y15-24";"T";"DE60";6.7
"THS";"Y15-24";"T";"DE7";30.5
"THS";"Y15-24";"T";"DE71";17.5
"THS";"Y15-24";"T";"DE72";7.2
"THS";"Y15-24";"T";"DE73";5.8
"THS";"Y15-24";"T";"DE8";7.3
"THS";"Y15-24";"T";"DE80";7.3
"THS";"Y15-24";"T";"DE9";28.5
"THS";"Y15-24";"T";"DE91";5.7
"THS";"Y15-24";"T";"DE92";7.8
"THS";"Y15-24";"T";"DE93";5.8
"THS";"Y15-24";"T";"DE94";9.2
"THS";"Y15-24";"T";"DEA";83.4
"THS";"Y15-24";"T";"DEA1";21.2
"THS";"Y15-24";"T";"DEA2";19.9
"THS";"Y15-24";"T";"DEA3";13.6
"THS";"Y15-24";"T";"DEA4";10.6
"THS";"Y15-24";"T";"DEA5";18.1
"THS";"Y15-24";"T";"DEB";17.2
"THS";"Y15-24";"T";"DEB1";6.7
"THS";"Y15-24";"T";"DEB2";NA
"THS";"Y15-24";"T";"DEB3";8.1
"THS";"Y15-24";"T";"DEC";NA
"THS";"Y15-24";"T";"DEC0";NA
"THS";"Y15-24";"T";"DED";17.6
"THS";"Y15-24";"T";"DED2";8.6
"THS";"Y15-24";"T";"DED4";NA
"THS";"Y15-24";"T";"DED5";NA
"THS";"Y15-24";"T";"DEE";10.1
"THS";"Y15-24";"T";"DEE0";10.1
"THS";"Y15-24";"T";"DEF";12.7
"THS";"Y15-24";"T";"DEF0";12.7
"THS";"Y15-24";"T";"DEG";6.4
"THS";"Y15-24";"T";"DEG0";6.4
"THS";"Y15-24";"T";"DK";55.6
"THS";"Y15-24";"T";"DK0";55.6
"THS";"Y15-24";"T";"DK01";18.2
"THS";"Y15-24";"T";"DK02";7.8
"THS";"Y15-24";"T";"DK03";11.4
"THS";"Y15-24";"T";"DK04";12.2
"THS";"Y15-24";"T";"DK05";6
"THS";"Y15-24";"T";"EE";8.4
"THS";"Y15-24";"T";"EE0";8.4
"THS";"Y15-24";"T";"EE00";8.4
"THS";"Y15-24";"T";"EL";160.4
"THS";"Y15-24";"T";"EL3";57.5
"THS";"Y15-24";"T";"EL30";57.5
"THS";"Y15-24";"T";"EL4";15
"THS";"Y15-24";"T";"EL41";2.6
"THS";"Y15-24";"T";"EL42";3.1
"THS";"Y15-24";"T";"EL43";9.3
"THS";"Y15-24";"T";"EL5";43.2
"THS";"Y15-24";"T";"EL51";9.9
"THS";"Y15-24";"T";"EL52";24.5
"THS";"Y15-24";"T";"EL53";3.1
"THS";"Y15-24";"T";"EL54";5.6
"THS";"Y15-24";"T";"EL6";44.7
"THS";"Y15-24";"T";"EL61";10.5
"THS";"Y15-24";"T";"EL62";2.9
"THS";"Y15-24";"T";"EL63";13.4
"THS";"Y15-24";"T";"EL64";10.2
"THS";"Y15-24";"T";"EL65";7.7
"THS";"Y15-24";"T";"ES";850.9
"THS";"Y15-24";"T";"ES1";50.3
"THS";"Y15-24";"T";"ES11";34.2
"THS";"Y15-24";"T";"ES12";9.9
"THS";"Y15-24";"T";"ES13";6.2
"THS";"Y15-24";"T";"ES2";55.3
"THS";"Y15-24";"T";"ES21";20.6
"THS";"Y15-24";"T";"ES22";8.7
"THS";"Y15-24";"T";"ES23";4.7
"THS";"Y15-24";"T";"ES24";21.3
"THS";"Y15-24";"T";"ES3";105.3
"THS";"Y15-24";"T";"ES30";105.3
"THS";"Y15-24";"T";"ES4";105.4
"THS";"Y15-24";"T";"ES41";32.6
"THS";"Y15-24";"T";"ES42";50
"THS";"Y15-24";"T";"ES43";22.8
"THS";"Y15-24";"T";"ES5";252.6
"THS";"Y15-24";"T";"ES51";134
"THS";"Y15-24";"T";"ES52";99.6
"THS";"Y15-24";"T";"ES53";19
"THS";"Y15-24";"T";"ES6";236.1
"THS";"Y15-24";"T";"ES61";202.6
"THS";"Y15-24";"T";"ES62";29.7
"THS";"Y15-24";"T";"ES63";2.4
"THS";"Y15-24";"T";"ES64";1.4
"THS";"Y15-24";"T";"ES7";45.9
"THS";"Y15-24";"T";"ES70";45.9
"THS";"Y15-24";"T";"FI";67.7
"THS";"Y15-24";"T";"FI1";67.4
"THS";"Y15-24";"T";"FI19";16.7
"THS";"Y15-24";"T";"FI1B";18.7
"THS";"Y15-24";"T";"FI1C";14.6
"THS";"Y15-24";"T";"FI1D";17.5
"THS";"Y15-24";"T";"FI2";NA
"THS";"Y15-24";"T";"FI20";NA
"THS";"Y15-24";"T";"FR";672.6
"THS";"Y15-24";"T";"FR1";100.5
"THS";"Y15-24";"T";"FR10";100.5
"THS";"Y15-24";"T";"FR2";119.7
"THS";"Y15-24";"T";"FR21";16.3
"THS";"Y15-24";"T";"FR22";25.4
"THS";"Y15-24";"T";"FR23";22.3
"THS";"Y15-24";"T";"FR24";23.8
"THS";"Y15-24";"T";"FR25";14.7
"THS";"Y15-24";"T";"FR26";17.2
"THS";"Y15-24";"T";"FR3";54.3
"THS";"Y15-24";"T";"FR30";54.3
"THS";"Y15-24";"T";"FR4";63.8
"THS";"Y15-24";"T";"FR41";26.7
"THS";"Y15-24";"T";"FR42";27
"THS";"Y15-24";"T";"FR43";10.1
"THS";"Y15-24";"T";"FR5";81.8
"THS";"Y15-24";"T";"FR51";35.1
"THS";"Y15-24";"T";"FR52";24.3
"THS";"Y15-24";"T";"FR53";22.4
"THS";"Y15-24";"T";"FR6";63.2
"THS";"Y15-24";"T";"FR61";30.4
"THS";"Y15-24";"T";"FR62";24.3
"THS";"Y15-24";"T";"FR63";8.4
"THS";"Y15-24";"T";"FR7";68.3
"THS";"Y15-24";"T";"FR71";58.5
"THS";"Y15-24";"T";"FR72";9.8
"THS";"Y15-24";"T";"FR8";79.5
"THS";"Y15-24";"T";"FR81";29.8
"THS";"Y15-24";"T";"FR82";47.6
"THS";"Y15-24";"T";"FR83";NA
"THS";"Y15-24";"T";"FRA";41.7
"THS";"Y15-24";"T";"FRA1";6.8
"THS";"Y15-24";"T";"FRA2";5.6
"THS";"Y15-24";"T";"FRA3";3.9
"THS";"Y15-24";"T";"FRA4";23
"THS";"Y15-24";"T";"FRA5";NA
"THS";"Y15-24";"T";"HR";75.3
"THS";"Y15-24";"T";"HR0";75.3
"THS";"Y15-24";"T";"HR03";25
"THS";"Y15-24";"T";"HR04";50.3
"THS";"Y15-24";"T";"HU";67.6
"THS";"Y15-24";"T";"HU1";12.6
"THS";"Y15-24";"T";"HU10";12.6
"THS";"Y15-24";"T";"HU2";16.6
"THS";"Y15-24";"T";"HU21";6.2
"THS";"Y15-24";"T";"HU22";4.7
"THS";"Y15-24";"T";"HU23";5.7
"THS";"Y15-24";"T";"HU3";38.4
"THS";"Y15-24";"T";"HU31";9.9
"THS";"Y15-24";"T";"HU32";17.3
"THS";"Y15-24";"T";"HU33";11.2
"THS";"Y15-24";"T";"IE";46.8
"THS";"Y15-24";"T";"IE0";46.8
"THS";"Y15-24";"T";"IE01";14.1
"THS";"Y15-24";"T";"IE02";32.8
"THS";"Y15-24";"T";"IT";692.1
"THS";"Y15-24";"T";"ITC";153.4
"THS";"Y15-24";"T";"ITC1";51.3
"THS";"Y15-24";"T";"ITC2";NA
"THS";"Y15-24";"T";"ITC3";15.7
"THS";"Y15-24";"T";"ITC4";85.1
"THS";"Y15-24";"T";"ITF";219
"THS";"Y15-24";"T";"ITF1";14
"THS";"Y15-24";"T";"ITF2";3.3
"THS";"Y15-24";"T";"ITF3";91.9
"THS";"Y15-24";"T";"ITF4";70.7
"THS";"Y15-24";"T";"ITF5";6.3
"THS";"Y15-24";"T";"ITF6";32.7
"THS";"Y15-24";"T";"ITG";101.9
"THS";"Y15-24";"T";"ITG1";79.7
"THS";"Y15-24";"T";"ITG2";22.2
"THS";"Y15-24";"T";"ITH";92.2
"THS";"Y15-24";"T";"ITH1";2.8
"THS";"Y15-24";"T";"ITH2";4.4
"THS";"Y15-24";"T";"ITH3";38.5
"THS";"Y15-24";"T";"ITH4";7.8
"THS";"Y15-24";"T";"ITH5";38.7
"THS";"Y15-24";"T";"ITI";125.7
"THS";"Y15-24";"T";"ITI1";35.7
"THS";"Y15-24";"T";"ITI2";9.4
"THS";"Y15-24";"T";"ITI3";14.1
"THS";"Y15-24";"T";"ITI4";66.5
"THS";"Y15-24";"T";"LT";25.4
"THS";"Y15-24";"T";"LT0";25.4
"THS";"Y15-24";"T";"LT00";25.4
"THS";"Y15-24";"T";"LU";3.5
"THS";"Y15-24";"T";"LU0";3.5
"THS";"Y15-24";"T";"LU00";3.5
"THS";"Y15-24";"T";"LV";16.9
"THS";"Y15-24";"T";"LV0";16.9
"THS";"Y15-24";"T";"LV00";16.9
"THS";"Y15-24";"T";"MT";3.3
"THS";"Y15-24";"T";"MT0";3.3
"THS";"Y15-24";"T";"MT00";3.3
"THS";"Y15-24";"T";"NL";175.3
"THS";"Y15-24";"T";"NL1";19.3
"THS";"Y15-24";"T";"NL11";7.7
"THS";"Y15-24";"T";"NL12";6.9
"THS";"Y15-24";"T";"NL13";4.7
"THS";"Y15-24";"T";"NL2";35.6
"THS";"Y15-24";"T";"NL21";11.7
"THS";"Y15-24";"T";"NL22";16.9
"THS";"Y15-24";"T";"NL23";7.1
"THS";"Y15-24";"T";"NL3";84.3
"THS";"Y15-24";"T";"NL31";12.7
"THS";"Y15-24";"T";"NL32";26.8
"THS";"Y15-24";"T";"NL33";42.4
"THS";"Y15-24";"T";"NL34";2.5
"THS";"Y15-24";"T";"NL4";36
"THS";"Y15-24";"T";"NL41";24.4
"THS";"Y15-24";"T";"NL42";11.6
"THS";"Y15-24";"T";"PL";347.4
"THS";"Y15-24";"T";"PL1";63.9
"THS";"Y15-24";"T";"PL11";23.1
"THS";"Y15-24";"T";"PL12";40.8
"THS";"Y15-24";"T";"PL2";71
"THS";"Y15-24";"T";"PL21";34.5
"THS";"Y15-24";"T";"PL22";36.5
"THS";"Y15-24";"T";"PL3";83.8
"THS";"Y15-24";"T";"PL31";26.1
"THS";"Y15-24";"T";"PL32";31.5
"THS";"Y15-24";"T";"PL33";16.1
"THS";"Y15-24";"T";"PL34";10.1
"THS";"Y15-24";"T";"PL4";48
"THS";"Y15-24";"T";"PL41";28.8
"THS";"Y15-24";"T";"PL42";10.7
"THS";"Y15-24";"T";"PL43";8.4
"THS";"Y15-24";"T";"PL5";27.7
"THS";"Y15-24";"T";"PL51";21
"THS";"Y15-24";"T";"PL52";6.8
"THS";"Y15-24";"T";"PL6";53
"THS";"Y15-24";"T";"PL61";22.1
"THS";"Y15-24";"T";"PL62";10.7
"THS";"Y15-24";"T";"PL63";20.1
"THS";"Y15-24";"T";"PT";131.4
"THS";"Y15-24";"T";"PT1";121.4
"THS";"Y15-24";"T";"PT11";53.3
"THS";"Y15-24";"T";"PT15";5.3
"THS";"Y15-24";"T";"PT16";21.4
"THS";"Y15-24";"T";"PT17";32.6
"THS";"Y15-24";"T";"PT18";8.9
"THS";"Y15-24";"T";"PT2";5.4
"THS";"Y15-24";"T";"PT20";5.4
"THS";"Y15-24";"T";"PT3";4.6
"THS";"Y15-24";"T";"PT30";4.6
"THS";"Y15-24";"T";"RO";160.7
"THS";"Y15-24";"T";"RO1";37.9
"THS";"Y15-24";"T";"RO11";12.7
"THS";"Y15-24";"T";"RO12";25.2
"THS";"Y15-24";"T";"RO2";41
"THS";"Y15-24";"T";"RO21";17
"THS";"Y15-24";"T";"RO22";24
"THS";"Y15-24";"T";"RO3";54
"THS";"Y15-24";"T";"RO31";38.7
"THS";"Y15-24";"T";"RO32";15.4
"THS";"Y15-24";"T";"RO4";27.8
"THS";"Y15-24";"T";"RO41";16.2
"THS";"Y15-24";"T";"RO42";11.6
"THS";"Y15-24";"T";"SE";153.3
"THS";"Y15-24";"T";"SE1";58.4
"THS";"Y15-24";"T";"SE11";30.2
"THS";"Y15-24";"T";"SE12";28.3
"THS";"Y15-24";"T";"SE2";68.6
"THS";"Y15-24";"T";"SE21";12.1
"THS";"Y15-24";"T";"SE22";25.2
"THS";"Y15-24";"T";"SE23";31.2
"THS";"Y15-24";"T";"SE3";26.3
"THS";"Y15-24";"T";"SE31";13.3
"THS";"Y15-24";"T";"SE32";5
"THS";"Y15-24";"T";"SE33";7.9
"THS";"Y15-24";"T";"SI";14.2
"THS";"Y15-24";"T";"SI0";14.2
"THS";"Y15-24";"T";"SI03";8.9
"THS";"Y15-24";"T";"SI04";5.3
"THS";"Y15-24";"T";"SK";62.7
"THS";"Y15-24";"T";"SK0";62.7
"THS";"Y15-24";"T";"SK01";2.7
"THS";"Y15-24";"T";"SK02";18.5
"THS";"Y15-24";"T";"SK03";18.6
"THS";"Y15-24";"T";"SK04";22.9
"THS";"Y15-24";"T";"UK";760.7
"THS";"Y15-24";"T";"UKC";46.3
"THS";"Y15-24";"T";"UKC1";22.4
"THS";"Y15-24";"T";"UKC2";24
"THS";"Y15-24";"T";"UKD";85.5
"THS";"Y15-24";"T";"UKD1";4.4
"THS";"Y15-24";"T";"UKD3";41
"THS";"Y15-24";"T";"UKD4";15.6
"THS";"Y15-24";"T";"UKD6";5
"THS";"Y15-24";"T";"UKD7";19.5
"THS";"Y15-24";"T";"UKE";72.4
"THS";"Y15-24";"T";"UKE1";12.7
"THS";"Y15-24";"T";"UKE2";6.7
"THS";"Y15-24";"T";"UKE3";24.6
"THS";"Y15-24";"T";"UKE4";28.4
"THS";"Y15-24";"T";"UKF";46.7
"THS";"Y15-24";"T";"UKF1";25.5
"THS";"Y15-24";"T";"UKF2";16.2
"THS";"Y15-24";"T";"UKF3";5
"THS";"Y15-24";"T";"UKG";80.4
"THS";"Y15-24";"T";"UKG1";12.5
"THS";"Y15-24";"T";"UKG2";14.2
"THS";"Y15-24";"T";"UKG3";53.7
"THS";"Y15-24";"T";"UKH";61.1
"THS";"Y15-24";"T";"UKH1";26.6
"THS";"Y15-24";"T";"UKH2";15.6
"THS";"Y15-24";"T";"UKH3";18.9
"THS";"Y15-24";"T";"UKI";99
"THS";"Y15-24";"T";"UKI3";7.9
"THS";"Y15-24";"T";"UKI4";29.5
"THS";"Y15-24";"T";"UKI5";23.3
"THS";"Y15-24";"T";"UKI6";15.3
"THS";"Y15-24";"T";"UKI7";23
"THS";"Y15-24";"T";"UKJ";86.7
"THS";"Y15-24";"T";"UKJ1";19.2
"THS";"Y15-24";"T";"UKJ2";28.8
"THS";"Y15-24";"T";"UKJ3";18.1
"THS";"Y15-24";"T";"UKJ4";20.5
"THS";"Y15-24";"T";"UKK";54.2
"THS";"Y15-24";"T";"UKK1";22.4
"THS";"Y15-24";"T";"UKK2";14.7
"THS";"Y15-24";"T";"UKK3";4.1
"THS";"Y15-24";"T";"UKK4";13
"THS";"Y15-24";"T";"UKL";40.2
"THS";"Y15-24";"T";"UKL1";25.7
"THS";"Y15-24";"T";"UKL2";14.5
"THS";"Y15-24";"T";"UKM";66.5
"THS";"Y15-24";"T";"UKM2";26.8
"THS";"Y15-24";"T";"UKM3";30.2
"THS";"Y15-24";"T";"UKM5";NA
"THS";"Y15-24";"T";"UKM6";6.6
"THS";"Y15-24";"T";"UKN";21.8
"THS";"Y15-24";"T";"UKN0";21.8
"THS";"Y_GE25";"F";"AT";83.4
"THS";"Y_GE25";"F";"AT1";46.9
"THS";"Y_GE25";"F";"AT11";NA
"THS";"Y_GE25";"F";"AT12";14
"THS";"Y_GE25";"F";"AT13";30.6
"THS";"Y_GE25";"F";"AT2";17.1
"THS";"Y_GE25";"F";"AT21";5.7
"THS";"Y_GE25";"F";"AT22";11.3
"THS";"Y_GE25";"F";"AT3";19.4
"THS";"Y_GE25";"F";"AT31";10.4
"THS";"Y_GE25";"F";"AT32";3.4
"THS";"Y_GE25";"F";"AT33";3.7
"THS";"Y_GE25";"F";"AT34";NA
"THS";"Y_GE25";"F";"BE";141
"THS";"Y_GE25";"F";"BE1";32.8
"THS";"Y_GE25";"F";"BE10";32.8
"THS";"Y_GE25";"F";"BE2";49.8
"THS";"Y_GE25";"F";"BE21";17.3
"THS";"Y_GE25";"F";"BE22";7.5
"THS";"Y_GE25";"F";"BE23";9.6
"THS";"Y_GE25";"F";"BE24";8.6
"THS";"Y_GE25";"F";"BE25";6.9
"THS";"Y_GE25";"F";"BE3";58.4
"THS";"Y_GE25";"F";"BE31";6.5
"THS";"Y_GE25";"F";"BE32";22.6
"THS";"Y_GE25";"F";"BE33";18.2
"THS";"Y_GE25";"F";"BE34";4.2
"THS";"Y_GE25";"F";"BE35";6.8
"THS";"Y_GE25";"F";"BG";143.8
"THS";"Y_GE25";"F";"BG3";76.7
"THS";"Y_GE25";"F";"BG31";14.6
"THS";"Y_GE25";"F";"BG32";17.5
"THS";"Y_GE25";"F";"BG33";21.9
"THS";"Y_GE25";"F";"BG34";22.7
"THS";"Y_GE25";"F";"BG4";67.1
"THS";"Y_GE25";"F";"BG41";35.6
"THS";"Y_GE25";"F";"BG42";31.5
"THS";"Y_GE25";"F";"CY";23.9
"THS";"Y_GE25";"F";"CY0";23.9
"THS";"Y_GE25";"F";"CY00";23.9
"THS";"Y_GE25";"F";"CZ";148.2
"THS";"Y_GE25";"F";"CZ0";148.2
"THS";"Y_GE25";"F";"CZ01";6.6
"THS";"Y_GE25";"F";"CZ02";15.3
"THS";"Y_GE25";"F";"CZ03";17.1
"THS";"Y_GE25";"F";"CZ04";21.7
"THS";"Y_GE25";"F";"CZ05";23
"THS";"Y_GE25";"F";"CZ06";21.8
"THS";"Y_GE25";"F";"CZ07";19.7
"THS";"Y_GE25";"F";"CZ08";23
"THS";"Y_GE25";"F";"DE";763.9
"THS";"Y_GE25";"F";"DE1";61.1
"THS";"Y_GE25";"F";"DE11";23
"THS";"Y_GE25";"F";"DE12";17.2
"THS";"Y_GE25";"F";"DE13";12.7
"THS";"Y_GE25";"F";"DE14";8.2
"THS";"Y_GE25";"F";"DE2";77.8
"THS";"Y_GE25";"F";"DE21";24.3
"THS";"Y_GE25";"F";"DE22";7.4
"THS";"Y_GE25";"F";"DE23";5.4
"THS";"Y_GE25";"F";"DE24";8.2
"THS";"Y_GE25";"F";"DE25";11.1
"THS";"Y_GE25";"F";"DE26";9.3
"THS";"Y_GE25";"F";"DE27";12.2
"THS";"Y_GE25";"F";"DE3";65
"THS";"Y_GE25";"F";"DE30";65
"THS";"Y_GE25";"F";"DE4";36.3
"THS";"Y_GE25";"F";"DE40";36.3
"THS";"Y_GE25";"F";"DE5";7.6
"THS";"Y_GE25";"F";"DE50";7.6
"THS";"Y_GE25";"F";"DE6";18.1
"THS";"Y_GE25";"F";"DE60";18.1
"THS";"Y_GE25";"F";"DE7";47.8
"THS";"Y_GE25";"F";"DE71";31.2
"THS";"Y_GE25";"F";"DE72";6.9
"THS";"Y_GE25";"F";"DE73";9.8
"THS";"Y_GE25";"F";"DE8";29.5
"THS";"Y_GE25";"F";"DE80";29.5
"THS";"Y_GE25";"F";"DE9";64.5
"THS";"Y_GE25";"F";"DE91";14.5
"THS";"Y_GE25";"F";"DE92";19.8
"THS";"Y_GE25";"F";"DE93";12.8
"THS";"Y_GE25";"F";"DE94";17.4
"THS";"Y_GE25";"F";"DEA";167.7
"THS";"Y_GE25";"F";"DEA1";58.1
"THS";"Y_GE25";"F";"DEA2";38.7
"THS";"Y_GE25";"F";"DEA3";18.4
"THS";"Y_GE25";"F";"DEA4";18.2
"THS";"Y_GE25";"F";"DEA5";34.3
"THS";"Y_GE25";"F";"DEB";25.6
"THS";"Y_GE25";"F";"DEB1";9.7
"THS";"Y_GE25";"F";"DEB2";NA
"THS";"Y_GE25";"F";"DEB3";13.5
"THS";"Y_GE25";"F";"DEC";10.7
"THS";"Y_GE25";"F";"DEC0";10.7
"THS";"Y_GE25";"F";"DED";59.6
"THS";"Y_GE25";"F";"DED2";23.1
"THS";"Y_GE25";"F";"DED4";21
"THS";"Y_GE25";"F";"DED5";15.5
"THS";"Y_GE25";"F";"DEE";40.7
"THS";"Y_GE25";"F";"DEE0";40.7
"THS";"Y_GE25";"F";"DEF";23.2
"THS";"Y_GE25";"F";"DEF0";23.2
"THS";"Y_GE25";"F";"DEG";28.7
"THS";"Y_GE25";"F";"DEG0";28.7
"THS";"Y_GE25";"F";"DK";68.9
"THS";"Y_GE25";"F";"DK0";68.9
"THS";"Y_GE25";"F";"DK01";25.9
"THS";"Y_GE25";"F";"DK02";8.6
"THS";"Y_GE25";"F";"DK03";13.1
"THS";"Y_GE25";"F";"DK04";15.4
"THS";"Y_GE25";"F";"DK05";5.9
"THS";"Y_GE25";"F";"EE";19.7
"THS";"Y_GE25";"F";"EE0";19.7
"THS";"Y_GE25";"F";"EE00";19.7
"THS";"Y_GE25";"F";"EL";556.1
"THS";"Y_GE25";"F";"EL3";212.2
"THS";"Y_GE25";"F";"EL30";212.2
"THS";"Y_GE25";"F";"EL4";50.7
"THS";"Y_GE25";"F";"EL41";7.7
"THS";"Y_GE25";"F";"EL42";12.3
"THS";"Y_GE25";"F";"EL43";30.7
"THS";"Y_GE25";"F";"EL5";162.5
"THS";"Y_GE25";"F";"EL51";26.3
"THS";"Y_GE25";"F";"EL52";104.8
"THS";"Y_GE25";"F";"EL53";15.2
"THS";"Y_GE25";"F";"EL54";16.2
"THS";"Y_GE25";"F";"EL6";130.6
"THS";"Y_GE25";"F";"EL61";37.7
"THS";"Y_GE25";"F";"EL62";9
"THS";"Y_GE25";"F";"EL63";33.1
"THS";"Y_GE25";"F";"EL64";24.3
"THS";"Y_GE25";"F";"EL65";26.6
"THS";"Y_GE25";"F";"ES";2299.7
"THS";"Y_GE25";"F";"ES1";183
"THS";"Y_GE25";"F";"ES11";115.7
"THS";"Y_GE25";"F";"ES12";45.7
"THS";"Y_GE25";"F";"ES13";21.6
"THS";"Y_GE25";"F";"ES2";157.4
"THS";"Y_GE25";"F";"ES21";68.7
"THS";"Y_GE25";"F";"ES22";19.5
"THS";"Y_GE25";"F";"ES23";13.1
"THS";"Y_GE25";"F";"ES24";56.2
"THS";"Y_GE25";"F";"ES3";260.2
"THS";"Y_GE25";"F";"ES30";260.2
"THS";"Y_GE25";"F";"ES4";286.5
"THS";"Y_GE25";"F";"ES41";103.6
"THS";"Y_GE25";"F";"ES42";120.5
"THS";"Y_GE25";"F";"ES43";62.4
"THS";"Y_GE25";"F";"ES5";590.4
"THS";"Y_GE25";"F";"ES51";297.6
"THS";"Y_GE25";"F";"ES52";250.9
"THS";"Y_GE25";"F";"ES53";41.9
"THS";"Y_GE25";"F";"ES6";676.8
"THS";"Y_GE25";"F";"ES61";589.9
"THS";"Y_GE25";"F";"ES62";78.4
"THS";"Y_GE25";"F";"ES63";4.2
"THS";"Y_GE25";"F";"ES64";4.3
"THS";"Y_GE25";"F";"ES7";145.3
"THS";"Y_GE25";"F";"ES70";145.3
"THS";"Y_GE25";"F";"FI";72.5
"THS";"Y_GE25";"F";"FI1";72.3
"THS";"Y_GE25";"F";"FI19";17.3
"THS";"Y_GE25";"F";"FI1B";19.1
"THS";"Y_GE25";"F";"FI1C";17.3
"THS";"Y_GE25";"F";"FI1D";18.5
"THS";"Y_GE25";"F";"FI2";NA
"THS";"Y_GE25";"F";"FI20";NA
"THS";"Y_GE25";"F";"FR";1136.2
"THS";"Y_GE25";"F";"FR1";217.3
"THS";"Y_GE25";"F";"FR10";217.3
"THS";"Y_GE25";"F";"FR2";184.3
"THS";"Y_GE25";"F";"FR21";22.2
"THS";"Y_GE25";"F";"FR22";36.1
"THS";"Y_GE25";"F";"FR23";39.7
"THS";"Y_GE25";"F";"FR24";41.5
"THS";"Y_GE25";"F";"FR25";18.2
"THS";"Y_GE25";"F";"FR26";26.5
"THS";"Y_GE25";"F";"FR3";79.1
"THS";"Y_GE25";"F";"FR30";79.1
"THS";"Y_GE25";"F";"FR4";96.4
"THS";"Y_GE25";"F";"FR41";45.2
"THS";"Y_GE25";"F";"FR42";33.8
"THS";"Y_GE25";"F";"FR43";17.4
"THS";"Y_GE25";"F";"FR5";126.4
"THS";"Y_GE25";"F";"FR51";54.3
"THS";"Y_GE25";"F";"FR52";41.3
"THS";"Y_GE25";"F";"FR53";30.9
"THS";"Y_GE25";"F";"FR6";104.8
"THS";"Y_GE25";"F";"FR61";47.7
"THS";"Y_GE25";"F";"FR62";46.8
"THS";"Y_GE25";"F";"FR63";10.3
"THS";"Y_GE25";"F";"FR7";109
"THS";"Y_GE25";"F";"FR71";93.6
"THS";"Y_GE25";"F";"FR72";15.4
"THS";"Y_GE25";"F";"FR8";140.1
"THS";"Y_GE25";"F";"FR81";54.8
"THS";"Y_GE25";"F";"FR82";81.8
"THS";"Y_GE25";"F";"FR83";NA
"THS";"Y_GE25";"F";"FRA";78.7
"THS";"Y_GE25";"F";"FRA1";18.6
"THS";"Y_GE25";"F";"FRA2";13.9
"THS";"Y_GE25";"F";"FRA3";8.7
"THS";"Y_GE25";"F";"FRA4";32.1
"THS";"Y_GE25";"F";"FRA5";5.4
"THS";"Y_GE25";"F";"HR";128.4
"THS";"Y_GE25";"F";"HR0";128.4
"THS";"Y_GE25";"F";"HR03";40.2
"THS";"Y_GE25";"F";"HR04";88.2
"THS";"Y_GE25";"F";"HU";131.8
"THS";"Y_GE25";"F";"HU1";38.2
"THS";"Y_GE25";"F";"HU10";38.2
"THS";"Y_GE25";"F";"HU2";29
"THS";"Y_GE25";"F";"HU21";10.3
"THS";"Y_GE25";"F";"HU22";8.1
"THS";"Y_GE25";"F";"HU23";10.6
"THS";"Y_GE25";"F";"HU3";64.7
"THS";"Y_GE25";"F";"HU31";18.1
"THS";"Y_GE25";"F";"HU32";29.2
"THS";"Y_GE25";"F";"HU33";17.3
"THS";"Y_GE25";"F";"IE";71.2
"THS";"Y_GE25";"F";"IE0";71.2
"THS";"Y_GE25";"F";"IE01";18.1
"THS";"Y_GE25";"F";"IE02";53.1
"THS";"Y_GE25";"F";"IT";1194.3
"THS";"Y_GE25";"F";"ITC";259.4
"THS";"Y_GE25";"F";"ITC1";85.5
"THS";"Y_GE25";"F";"ITC2";1.8
"THS";"Y_GE25";"F";"ITC3";29.4
"THS";"Y_GE25";"F";"ITC4";142.7
"THS";"Y_GE25";"F";"ITF";353.6
"THS";"Y_GE25";"F";"ITF1";27.8
"THS";"Y_GE25";"F";"ITF2";6.1
"THS";"Y_GE25";"F";"ITF3";146.6
"THS";"Y_GE25";"F";"ITF4";106.4
"THS";"Y_GE25";"F";"ITF5";10.2
"THS";"Y_GE25";"F";"ITF6";56.4
"THS";"Y_GE25";"F";"ITG";162.1
"THS";"Y_GE25";"F";"ITG1";118.9
"THS";"Y_GE25";"F";"ITG2";43.2
"THS";"Y_GE25";"F";"ITH";170.9
"THS";"Y_GE25";"F";"ITH1";3.8
"THS";"Y_GE25";"F";"ITH2";6.5
"THS";"Y_GE25";"F";"ITH3";72.6
"THS";"Y_GE25";"F";"ITH4";17.6
"THS";"Y_GE25";"F";"ITH5";70.5
"THS";"Y_GE25";"F";"ITI";248.2
"THS";"Y_GE25";"F";"ITI1";76.9
"THS";"Y_GE25";"F";"ITI2";18.3
"THS";"Y_GE25";"F";"ITI3";30.5
"THS";"Y_GE25";"F";"ITI4";122.6
"THS";"Y_GE25";"F";"LT";57.9
"THS";"Y_GE25";"F";"LT0";57.9
"THS";"Y_GE25";"F";"LT00";57.9
"THS";"Y_GE25";"F";"LU";5.5
"THS";"Y_GE25";"F";"LU0";5.5
"THS";"Y_GE25";"F";"LU00";5.5
"THS";"Y_GE25";"F";"LV";41.4
"THS";"Y_GE25";"F";"LV0";41.4
"THS";"Y_GE25";"F";"LV00";41.4
"THS";"Y_GE25";"F";"MT";2.6
"THS";"Y_GE25";"F";"MT0";2.6
"THS";"Y_GE25";"F";"MT00";2.6
"THS";"Y_GE25";"F";"NL";228
"THS";"Y_GE25";"F";"NL1";21.6
"THS";"Y_GE25";"F";"NL11";7.2
"THS";"Y_GE25";"F";"NL12";8
"THS";"Y_GE25";"F";"NL13";6.4
"THS";"Y_GE25";"F";"NL2";47.5
"THS";"Y_GE25";"F";"NL21";13.6
"THS";"Y_GE25";"F";"NL22";25.4
"THS";"Y_GE25";"F";"NL23";8.4
"THS";"Y_GE25";"F";"NL3";111.6
"THS";"Y_GE25";"F";"NL31";14.3
"THS";"Y_GE25";"F";"NL32";37.8
"THS";"Y_GE25";"F";"NL33";56.9
"THS";"Y_GE25";"F";"NL34";2.7
"THS";"Y_GE25";"F";"NL4";47.3
"THS";"Y_GE25";"F";"NL41";33.6
"THS";"Y_GE25";"F";"NL42";13.7
"THS";"Y_GE25";"F";"PL";599
"THS";"Y_GE25";"F";"PL1";131
"THS";"Y_GE25";"F";"PL11";50.4
"THS";"Y_GE25";"F";"PL12";80.7
"THS";"Y_GE25";"F";"PL2";121.1
"THS";"Y_GE25";"F";"PL21";48.3
"THS";"Y_GE25";"F";"PL22";72.8
"THS";"Y_GE25";"F";"PL3";126.2
"THS";"Y_GE25";"F";"PL31";41.2
"THS";"Y_GE25";"F";"PL32";43.8
"THS";"Y_GE25";"F";"PL33";23.8
"THS";"Y_GE25";"F";"PL34";17.5
"THS";"Y_GE25";"F";"PL4";76.6
"THS";"Y_GE25";"F";"PL41";45.4
"THS";"Y_GE25";"F";"PL42";17.6
"THS";"Y_GE25";"F";"PL43";13.6
"THS";"Y_GE25";"F";"PL5";55.7
"THS";"Y_GE25";"F";"PL51";42.8
"THS";"Y_GE25";"F";"PL52";12.9
"THS";"Y_GE25";"F";"PL6";88.4
"THS";"Y_GE25";"F";"PL61";37.7
"THS";"Y_GE25";"F";"PL62";22
"THS";"Y_GE25";"F";"PL63";28.6
"THS";"Y_GE25";"F";"PT";299.1
"THS";"Y_GE25";"F";"PT1";286.5
"THS";"Y_GE25";"F";"PT11";115.3
"THS";"Y_GE25";"F";"PT15";13
"THS";"Y_GE25";"F";"PT16";51.3
"THS";"Y_GE25";"F";"PT17";86.9
"THS";"Y_GE25";"F";"PT18";20
"THS";"Y_GE25";"F";"PT2";6.1
"THS";"Y_GE25";"F";"PT20";6.1
"THS";"Y_GE25";"F";"PT3";6.6
"THS";"Y_GE25";"F";"PT30";6.6
"THS";"Y_GE25";"F";"RO";179.8
"THS";"Y_GE25";"F";"RO1";42.6
"THS";"Y_GE25";"F";"RO11";15.4
"THS";"Y_GE25";"F";"RO12";27.2
"THS";"Y_GE25";"F";"RO2";47.2
"THS";"Y_GE25";"F";"RO21";18.3
"THS";"Y_GE25";"F";"RO22";28.9
"THS";"Y_GE25";"F";"RO3";66.5
"THS";"Y_GE25";"F";"RO31";36.8
"THS";"Y_GE25";"F";"RO32";29.7
"THS";"Y_GE25";"F";"RO4";23.4
"THS";"Y_GE25";"F";"RO41";14.4
"THS";"Y_GE25";"F";"RO42";9
"THS";"Y_GE25";"F";"SE";118.6
"THS";"Y_GE25";"F";"SE1";48.3
"THS";"Y_GE25";"F";"SE11";28.9
"THS";"Y_GE25";"F";"SE12";19.4
"THS";"Y_GE25";"F";"SE2";52.6
"THS";"Y_GE25";"F";"SE21";7.3
"THS";"Y_GE25";"F";"SE22";21.8
"THS";"Y_GE25";"F";"SE23";23.5
"THS";"Y_GE25";"F";"SE3";17.7
"THS";"Y_GE25";"F";"SE31";9.3
"THS";"Y_GE25";"F";"SE32";4
"THS";"Y_GE25";"F";"SE33";4.5
"THS";"Y_GE25";"F";"SI";42.7
"THS";"Y_GE25";"F";"SI0";42.7
"THS";"Y_GE25";"F";"SI03";26.7
"THS";"Y_GE25";"F";"SI04";16
"THS";"Y_GE25";"F";"SK";141.6
"THS";"Y_GE25";"F";"SK0";141.6
"THS";"Y_GE25";"F";"SK01";9.2
"THS";"Y_GE25";"F";"SK02";41.6
"THS";"Y_GE25";"F";"SK03";41.9
"THS";"Y_GE25";"F";"SK04";48.9
"THS";"Y_GE25";"F";"UK";569.4
"THS";"Y_GE25";"F";"UKC";32.6
"THS";"Y_GE25";"F";"UKC1";17.8
"THS";"Y_GE25";"F";"UKC2";14.8
"THS";"Y_GE25";"F";"UKD";64.7
"THS";"Y_GE25";"F";"UKD1";NA
"THS";"Y_GE25";"F";"UKD3";30.9
"THS";"Y_GE25";"F";"UKD4";10.4
"THS";"Y_GE25";"F";"UKD6";5.7
"THS";"Y_GE25";"F";"UKD7";14.6
"THS";"Y_GE25";"F";"UKE";57.8
"THS";"Y_GE25";"F";"UKE1";12
"THS";"Y_GE25";"F";"UKE2";4.4
"THS";"Y_GE25";"F";"UKE3";18.5
"THS";"Y_GE25";"F";"UKE4";22.9
"THS";"Y_GE25";"F";"UKF";37.3
"THS";"Y_GE25";"F";"UKF1";14.6
"THS";"Y_GE25";"F";"UKF2";17.2
"THS";"Y_GE25";"F";"UKF3";5.6
"THS";"Y_GE25";"F";"UKG";49.5
"THS";"Y_GE25";"F";"UKG1";9.3
"THS";"Y_GE25";"F";"UKG2";12.4
"THS";"Y_GE25";"F";"UKG3";27.9
"THS";"Y_GE25";"F";"UKH";45.8
"THS";"Y_GE25";"F";"UKH1";19
"THS";"Y_GE25";"F";"UKH2";9.6
"THS";"Y_GE25";"F";"UKH3";17.1
"THS";"Y_GE25";"F";"UKI";101.9
"THS";"Y_GE25";"F";"UKI3";14
"THS";"Y_GE25";"F";"UKI4";30.3
"THS";"Y_GE25";"F";"UKI5";25.4
"THS";"Y_GE25";"F";"UKI6";12.9
"THS";"Y_GE25";"F";"UKI7";19.3
"THS";"Y_GE25";"F";"UKJ";68.2
"THS";"Y_GE25";"F";"UKJ1";17.5
"THS";"Y_GE25";"F";"UKJ2";22
"THS";"Y_GE25";"F";"UKJ3";12.3
"THS";"Y_GE25";"F";"UKJ4";16.4
"THS";"Y_GE25";"F";"UKK";31.1
"THS";"Y_GE25";"F";"UKK1";17.7
"THS";"Y_GE25";"F";"UKK2";4.4
"THS";"Y_GE25";"F";"UKK3";NA
"THS";"Y_GE25";"F";"UKK4";6.8
"THS";"Y_GE25";"F";"UKL";24.3
"THS";"Y_GE25";"F";"UKL1";15.5
"THS";"Y_GE25";"F";"UKL2";8.8
"THS";"Y_GE25";"F";"UKM";44.1
"THS";"Y_GE25";"F";"UKM2";13.5
"THS";"Y_GE25";"F";"UKM3";22.1
"THS";"Y_GE25";"F";"UKM5";5.1
"THS";"Y_GE25";"F";"UKM6";NA
"THS";"Y_GE25";"F";"UKN";12.1
"THS";"Y_GE25";"F";"UKN0";12.1
"THS";"Y_GE25";"M";"AT";103.3
"THS";"Y_GE25";"M";"AT1";59.6
"THS";"Y_GE25";"M";"AT11";NA
"THS";"Y_GE25";"M";"AT12";16.4
"THS";"Y_GE25";"M";"AT13";40.4
"THS";"Y_GE25";"M";"AT2";20
"THS";"Y_GE25";"M";"AT21";7.2
"THS";"Y_GE25";"M";"AT22";12.8
"THS";"Y_GE25";"M";"AT3";23.7
"THS";"Y_GE25";"M";"AT31";11.6
"THS";"Y_GE25";"M";"AT32";4.2
"THS";"Y_GE25";"M";"AT33";5.5
"THS";"Y_GE25";"M";"AT34";NA
"THS";"Y_GE25";"M";"BE";189.6
"THS";"Y_GE25";"M";"BE1";49.3
"THS";"Y_GE25";"M";"BE10";49.3
"THS";"Y_GE25";"M";"BE2";60
"THS";"Y_GE25";"M";"BE21";21.1
"THS";"Y_GE25";"M";"BE22";9.2
"THS";"Y_GE25";"M";"BE23";10.2
"THS";"Y_GE25";"M";"BE24";10.7
"THS";"Y_GE25";"M";"BE25";8.8
"THS";"Y_GE25";"M";"BE3";80.4
"THS";"Y_GE25";"M";"BE31";6.5
"THS";"Y_GE25";"M";"BE32";37.7
"THS";"Y_GE25";"M";"BE33";25.6
"THS";"Y_GE25";"M";"BE34";3.7
"THS";"Y_GE25";"M";"BE35";6.8
"THS";"Y_GE25";"M";"BG";193.1
"THS";"Y_GE25";"M";"BG3";104.9
"THS";"Y_GE25";"M";"BG31";26.2
"THS";"Y_GE25";"M";"BG32";25.9
"THS";"Y_GE25";"M";"BG33";27.9
"THS";"Y_GE25";"M";"BG34";24.9
"THS";"Y_GE25";"M";"BG4";88.2
"THS";"Y_GE25";"M";"BG41";50.2
"THS";"Y_GE25";"M";"BG42";38
"THS";"Y_GE25";"M";"CY";30.5
"THS";"Y_GE25";"M";"CY0";30.5
"THS";"Y_GE25";"M";"CY00";30.5
"THS";"Y_GE25";"M";"CZ";119
"THS";"Y_GE25";"M";"CZ0";119
"THS";"Y_GE25";"M";"CZ01";6.9
"THS";"Y_GE25";"M";"CZ02";13.7
"THS";"Y_GE25";"M";"CZ03";10.3
"THS";"Y_GE25";"M";"CZ04";17.3
"THS";"Y_GE25";"M";"CZ05";15.1
"THS";"Y_GE25";"M";"CZ06";19.6
"THS";"Y_GE25";"M";"CZ07";15.6
"THS";"Y_GE25";"M";"CZ08";20.4
"THS";"Y_GE25";"M";"DE";998.5
"THS";"Y_GE25";"M";"DE1";83.6
"THS";"Y_GE25";"M";"DE11";32.1
"THS";"Y_GE25";"M";"DE12";24.6
"THS";"Y_GE25";"M";"DE13";16.1
"THS";"Y_GE25";"M";"DE14";10.8
"THS";"Y_GE25";"M";"DE2";84.7
"THS";"Y_GE25";"M";"DE21";28.3
"THS";"Y_GE25";"M";"DE22";7.6
"THS";"Y_GE25";"M";"DE23";8.4
"THS";"Y_GE25";"M";"DE24";10.2
"THS";"Y_GE25";"M";"DE25";11.3
"THS";"Y_GE25";"M";"DE26";7.2
"THS";"Y_GE25";"M";"DE27";11.6
"THS";"Y_GE25";"M";"DE3";91.2
"THS";"Y_GE25";"M";"DE30";91.2
"THS";"Y_GE25";"M";"DE4";41.1
"THS";"Y_GE25";"M";"DE40";41.1
"THS";"Y_GE25";"M";"DE5";10.2
"THS";"Y_GE25";"M";"DE50";10.2
"THS";"Y_GE25";"M";"DE6";22.5
"THS";"Y_GE25";"M";"DE60";22.5
"THS";"Y_GE25";"M";"DE7";60.9
"THS";"Y_GE25";"M";"DE71";39.6
"THS";"Y_GE25";"M";"DE72";9.7
"THS";"Y_GE25";"M";"DE73";11.5
"THS";"Y_GE25";"M";"DE8";41.5
"THS";"Y_GE25";"M";"DE80";41.5
"THS";"Y_GE25";"M";"DE9";90.8
"THS";"Y_GE25";"M";"DE91";22.5
"THS";"Y_GE25";"M";"DE92";27.9
"THS";"Y_GE25";"M";"DE93";15.6
"THS";"Y_GE25";"M";"DE94";24.6
"THS";"Y_GE25";"M";"DEA";237.8
"THS";"Y_GE25";"M";"DEA1";81.4
"THS";"Y_GE25";"M";"DEA2";55.3
"THS";"Y_GE25";"M";"DEA3";31.1
"THS";"Y_GE25";"M";"DEA4";22.7
"THS";"Y_GE25";"M";"DEA5";47.4
"THS";"Y_GE25";"M";"DEB";36.8
"THS";"Y_GE25";"M";"DEB1";13.9
"THS";"Y_GE25";"M";"DEB2";NA
"THS";"Y_GE25";"M";"DEB3";19.1
"THS";"Y_GE25";"M";"DEC";13.2
"THS";"Y_GE25";"M";"DEC0";13.2
"THS";"Y_GE25";"M";"DED";73.5
"THS";"Y_GE25";"M";"DED2";28.2
"THS";"Y_GE25";"M";"DED4";22.1
"THS";"Y_GE25";"M";"DED5";23.2
"THS";"Y_GE25";"M";"DEE";49.7
"THS";"Y_GE25";"M";"DEE0";49.7
"THS";"Y_GE25";"M";"DEF";29.1
"THS";"Y_GE25";"M";"DEF0";29.1
"THS";"Y_GE25";"M";"DEG";31.9
"THS";"Y_GE25";"M";"DEG0";31.9
"THS";"Y_GE25";"M";"DK";67
"THS";"Y_GE25";"M";"DK0";67
"THS";"Y_GE25";"M";"DK01";24
"THS";"Y_GE25";"M";"DK02";9
"THS";"Y_GE25";"M";"DK03";14.8
"THS";"Y_GE25";"M";"DK04";12.1
"THS";"Y_GE25";"M";"DK05";7
"THS";"Y_GE25";"M";"EE";21.5
"THS";"Y_GE25";"M";"EE0";21.5
"THS";"Y_GE25";"M";"EE00";21.5
"THS";"Y_GE25";"M";"EL";557.9
"THS";"Y_GE25";"M";"EL3";229.3
"THS";"Y_GE25";"M";"EL30";229.3
"THS";"Y_GE25";"M";"EL4";50.2
"THS";"Y_GE25";"M";"EL41";7.6
"THS";"Y_GE25";"M";"EL42";15.7
"THS";"Y_GE25";"M";"EL43";26.9
"THS";"Y_GE25";"M";"EL5";153
"THS";"Y_GE25";"M";"EL51";26
"THS";"Y_GE25";"M";"EL52";97.8
"THS";"Y_GE25";"M";"EL53";13.1
"THS";"Y_GE25";"M";"EL54";16.1
"THS";"Y_GE25";"M";"EL6";125.5
"THS";"Y_GE25";"M";"EL61";31.2
"THS";"Y_GE25";"M";"EL62";7.5
"THS";"Y_GE25";"M";"EL63";34.6
"THS";"Y_GE25";"M";"EL64";29
"THS";"Y_GE25";"M";"EL65";23.2
"THS";"Y_GE25";"M";"ES";2459.8
"THS";"Y_GE25";"M";"ES1";197.7
"THS";"Y_GE25";"M";"ES11";126
"THS";"Y_GE25";"M";"ES12";45.2
"THS";"Y_GE25";"M";"ES13";26.5
"THS";"Y_GE25";"M";"ES2";164.9
"THS";"Y_GE25";"M";"ES21";79.6
"THS";"Y_GE25";"M";"ES22";20.7
"THS";"Y_GE25";"M";"ES23";10.7
"THS";"Y_GE25";"M";"ES24";53.8
"THS";"Y_GE25";"M";"ES3";260.7
"THS";"Y_GE25";"M";"ES30";260.7
"THS";"Y_GE25";"M";"ES4";290.1
"THS";"Y_GE25";"M";"ES41";104.8
"THS";"Y_GE25";"M";"ES42";120.3
"THS";"Y_GE25";"M";"ES43";65
"THS";"Y_GE25";"M";"ES5";677.9
"THS";"Y_GE25";"M";"ES51";341.7
"THS";"Y_GE25";"M";"ES52";276.3
"THS";"Y_GE25";"M";"ES53";59.8
"THS";"Y_GE25";"M";"ES6";705.5
"THS";"Y_GE25";"M";"ES61";612.2
"THS";"Y_GE25";"M";"ES62";83.8
"THS";"Y_GE25";"M";"ES63";5.5
"THS";"Y_GE25";"M";"ES64";3.9
"THS";"Y_GE25";"M";"ES7";163.1
"THS";"Y_GE25";"M";"ES70";163.1
"THS";"Y_GE25";"M";"FI";91.9
"THS";"Y_GE25";"M";"FI1";91.8
"THS";"Y_GE25";"M";"FI19";23.2
"THS";"Y_GE25";"M";"FI1B";25.1
"THS";"Y_GE25";"M";"FI1C";19.4
"THS";"Y_GE25";"M";"FI1D";24
"THS";"Y_GE25";"M";"FI2";NA
"THS";"Y_GE25";"M";"FI20";NA
"THS";"Y_GE25";"M";"FR";1234.3
"THS";"Y_GE25";"M";"FR1";245.5
"THS";"Y_GE25";"M";"FR10";245.5
"THS";"Y_GE25";"M";"FR2";191.6
"THS";"Y_GE25";"M";"FR21";27.1
"THS";"Y_GE25";"M";"FR22";36.3
"THS";"Y_GE25";"M";"FR23";34.8
"THS";"Y_GE25";"M";"FR24";40.7
"THS";"Y_GE25";"M";"FR25";20.3
"THS";"Y_GE25";"M";"FR26";32.4
"THS";"Y_GE25";"M";"FR3";104.6
"THS";"Y_GE25";"M";"FR30";104.6
"THS";"Y_GE25";"M";"FR4";102.3
"THS";"Y_GE25";"M";"FR41";50.2
"THS";"Y_GE25";"M";"FR42";28.8
"THS";"Y_GE25";"M";"FR43";23.2
"THS";"Y_GE25";"M";"FR5";126.5
"THS";"Y_GE25";"M";"FR51";52.8
"THS";"Y_GE25";"M";"FR52";42.1
"THS";"Y_GE25";"M";"FR53";31.6
"THS";"Y_GE25";"M";"FR6";118.8
"THS";"Y_GE25";"M";"FR61";55.8
"THS";"Y_GE25";"M";"FR62";51.8
"THS";"Y_GE25";"M";"FR63";11.3
"THS";"Y_GE25";"M";"FR7";124.3
"THS";"Y_GE25";"M";"FR71";107.4
"THS";"Y_GE25";"M";"FR72";16.9
"THS";"Y_GE25";"M";"FR8";150.4
"THS";"Y_GE25";"M";"FR81";54.7
"THS";"Y_GE25";"M";"FR82";94.2
"THS";"Y_GE25";"M";"FR83";NA
"THS";"Y_GE25";"M";"FRA";70.2
"THS";"Y_GE25";"M";"FRA1";13.3
"THS";"Y_GE25";"M";"FRA2";11.1
"THS";"Y_GE25";"M";"FRA3";5.6
"THS";"Y_GE25";"M";"FRA4";37.4
"THS";"Y_GE25";"M";"FRA5";2.8
"THS";"Y_GE25";"M";"HR";123.5
"THS";"Y_GE25";"M";"HR0";123.5
"THS";"Y_GE25";"M";"HR03";41.3
"THS";"Y_GE25";"M";"HR04";82.3
"THS";"Y_GE25";"M";"HU";143.9
"THS";"Y_GE25";"M";"HU1";35.5
"THS";"Y_GE25";"M";"HU10";35.5
"THS";"Y_GE25";"M";"HU2";33.7
"THS";"Y_GE25";"M";"HU21";11.1
"THS";"Y_GE25";"M";"HU22";8.4
"THS";"Y_GE25";"M";"HU23";14.3
"THS";"Y_GE25";"M";"HU3";74.6
"THS";"Y_GE25";"M";"HU31";22.5
"THS";"Y_GE25";"M";"HU32";30.5
"THS";"Y_GE25";"M";"HU33";21.6
"THS";"Y_GE25";"M";"IE";124.9
"THS";"Y_GE25";"M";"IE0";124.9
"THS";"Y_GE25";"M";"IE01";34.8
"THS";"Y_GE25";"M";"IE02";90.1
"THS";"Y_GE25";"M";"IT";1349.6
"THS";"Y_GE25";"M";"ITC";269.2
"THS";"Y_GE25";"M";"ITC1";88.9
"THS";"Y_GE25";"M";"ITC2";2.4
"THS";"Y_GE25";"M";"ITC3";27.8
"THS";"Y_GE25";"M";"ITC4";150.1
"THS";"Y_GE25";"M";"ITF";451.3
"THS";"Y_GE25";"M";"ITF1";26.5
"THS";"Y_GE25";"M";"ITF2";8.6
"THS";"Y_GE25";"M";"ITF3";195.1
"THS";"Y_GE25";"M";"ITF4";135.4
"THS";"Y_GE25";"M";"ITF5";15
"THS";"Y_GE25";"M";"ITF6";70.6
"THS";"Y_GE25";"M";"ITG";238.1
"THS";"Y_GE25";"M";"ITG1";178
"THS";"Y_GE25";"M";"ITG2";60.1
"THS";"Y_GE25";"M";"ITH";148.8
"THS";"Y_GE25";"M";"ITH1";4.7
"THS";"Y_GE25";"M";"ITH2";6.5
"THS";"Y_GE25";"M";"ITH3";55.9
"THS";"Y_GE25";"M";"ITH4";17.6
"THS";"Y_GE25";"M";"ITH5";64.1
"THS";"Y_GE25";"M";"ITI";242.3
"THS";"Y_GE25";"M";"ITI1";59.9
"THS";"Y_GE25";"M";"ITI2";16.8
"THS";"Y_GE25";"M";"ITI3";25.6
"THS";"Y_GE25";"M";"ITI4";139.9
"THS";"Y_GE25";"M";"LT";74.7
"THS";"Y_GE25";"M";"LT0";74.7
"THS";"Y_GE25";"M";"LT00";74.7
"THS";"Y_GE25";"M";"LU";6.2
"THS";"Y_GE25";"M";"LU0";6.2
"THS";"Y_GE25";"M";"LU00";6.2
"THS";"Y_GE25";"M";"LV";49.4
"THS";"Y_GE25";"M";"LV0";49.4
"THS";"Y_GE25";"M";"LV00";49.4
"THS";"Y_GE25";"M";"MT";5.2
"THS";"Y_GE25";"M";"MT0";5.2
"THS";"Y_GE25";"M";"MT00";5.2
"THS";"Y_GE25";"M";"NL";256.4
"THS";"Y_GE25";"M";"NL1";28.4
"THS";"Y_GE25";"M";"NL11";10.5
"THS";"Y_GE25";"M";"NL12";11.2
"THS";"Y_GE25";"M";"NL13";6.7
"THS";"Y_GE25";"M";"NL2";57.3
"THS";"Y_GE25";"M";"NL21";18.1
"THS";"Y_GE25";"M";"NL22";31
"THS";"Y_GE25";"M";"NL23";8.1
"THS";"Y_GE25";"M";"NL3";119.4
"THS";"Y_GE25";"M";"NL31";16.6
"THS";"Y_GE25";"M";"NL32";38.7
"THS";"Y_GE25";"M";"NL33";59
"THS";"Y_GE25";"M";"NL34";5.2
"THS";"Y_GE25";"M";"NL4";51.4
"THS";"Y_GE25";"M";"NL41";35.3
"THS";"Y_GE25";"M";"NL42";16.1
"THS";"Y_GE25";"M";"PL";620.5
"THS";"Y_GE25";"M";"PL1";132.4
"THS";"Y_GE25";"M";"PL11";50.8
"THS";"Y_GE25";"M";"PL12";81.5
"THS";"Y_GE25";"M";"PL2";114.8
"THS";"Y_GE25";"M";"PL21";49.4
"THS";"Y_GE25";"M";"PL22";65.4
"THS";"Y_GE25";"M";"PL3";146
"THS";"Y_GE25";"M";"PL31";40.9
"THS";"Y_GE25";"M";"PL32";51.2
"THS";"Y_GE25";"M";"PL33";34.5
"THS";"Y_GE25";"M";"PL34";19.4
"THS";"Y_GE25";"M";"PL4";75.7
"THS";"Y_GE25";"M";"PL41";36.9
"THS";"Y_GE25";"M";"PL42";24.3
"THS";"Y_GE25";"M";"PL43";14.5
"THS";"Y_GE25";"M";"PL5";57.7
"THS";"Y_GE25";"M";"PL51";46.3
"THS";"Y_GE25";"M";"PL52";11.4
"THS";"Y_GE25";"M";"PL6";93.8
"THS";"Y_GE25";"M";"PL61";33.3
"THS";"Y_GE25";"M";"PL62";24.3
"THS";"Y_GE25";"M";"PL63";36.2
"THS";"Y_GE25";"M";"PT";295.5
"THS";"Y_GE25";"M";"PT1";278.6
"THS";"Y_GE25";"M";"PT11";103.5
"THS";"Y_GE25";"M";"PT15";14.6
"THS";"Y_GE25";"M";"PT16";51.9
"THS";"Y_GE25";"M";"PT17";86.4
"THS";"Y_GE25";"M";"PT18";22.2
"THS";"Y_GE25";"M";"PT2";8.3
"THS";"Y_GE25";"M";"PT20";8.3
"THS";"Y_GE25";"M";"PT3";8.6
"THS";"Y_GE25";"M";"PT30";8.6
"THS";"Y_GE25";"M";"RO";288.2
"THS";"Y_GE25";"M";"RO1";55
"THS";"Y_GE25";"M";"RO11";17.8
"THS";"Y_GE25";"M";"RO12";37.1
"THS";"Y_GE25";"M";"RO2";89.1
"THS";"Y_GE25";"M";"RO21";32.3
"THS";"Y_GE25";"M";"RO22";56.8
"THS";"Y_GE25";"M";"RO3";92.7
"THS";"Y_GE25";"M";"RO31";55.1
"THS";"Y_GE25";"M";"RO32";37.6
"THS";"Y_GE25";"M";"RO4";51.4
"THS";"Y_GE25";"M";"RO41";33.4
"THS";"Y_GE25";"M";"RO42";18
"THS";"Y_GE25";"M";"SE";140.5
"THS";"Y_GE25";"M";"SE1";51.6
"THS";"Y_GE25";"M";"SE11";29.2
"THS";"Y_GE25";"M";"SE12";22.5
"THS";"Y_GE25";"M";"SE2";63.2
"THS";"Y_GE25";"M";"SE21";9.5
"THS";"Y_GE25";"M";"SE22";28.1
"THS";"Y_GE25";"M";"SE23";25.6
"THS";"Y_GE25";"M";"SE3";25.7
"THS";"Y_GE25";"M";"SE31";13.4
"THS";"Y_GE25";"M";"SE32";5
"THS";"Y_GE25";"M";"SE33";7.3
"THS";"Y_GE25";"M";"SI";41.2
"THS";"Y_GE25";"M";"SI0";41.2
"THS";"Y_GE25";"M";"SI03";24
"THS";"Y_GE25";"M";"SI04";17.2
"THS";"Y_GE25";"M";"SK";154.6
"THS";"Y_GE25";"M";"SK0";154.6
"THS";"Y_GE25";"M";"SK01";8.3
"THS";"Y_GE25";"M";"SK02";43.2
"THS";"Y_GE25";"M";"SK03";47.3
"THS";"Y_GE25";"M";"SK04";55.7
"THS";"Y_GE25";"M";"UK";666.3
"THS";"Y_GE25";"M";"UKC";36.3
"THS";"Y_GE25";"M";"UKC1";15.1
"THS";"Y_GE25";"M";"UKC2";21.2
"THS";"Y_GE25";"M";"UKD";83.9
"THS";"Y_GE25";"M";"UKD1";4.7
"THS";"Y_GE25";"M";"UKD3";37.5
"THS";"Y_GE25";"M";"UKD4";19.7
"THS";"Y_GE25";"M";"UKD6";5
"THS";"Y_GE25";"M";"UKD7";17.1
"THS";"Y_GE25";"M";"UKE";61.5
"THS";"Y_GE25";"M";"UKE1";12.1
"THS";"Y_GE25";"M";"UKE2";7.3
"THS";"Y_GE25";"M";"UKE3";19.1
"THS";"Y_GE25";"M";"UKE4";23
"THS";"Y_GE25";"M";"UKF";45.9
"THS";"Y_GE25";"M";"UKF1";24.3
"THS";"Y_GE25";"M";"UKF2";14.4
"THS";"Y_GE25";"M";"UKF3";7.3
"THS";"Y_GE25";"M";"UKG";68.6
"THS";"Y_GE25";"M";"UKG1";7.7
"THS";"Y_GE25";"M";"UKG2";15.4
"THS";"Y_GE25";"M";"UKG3";45.4
"THS";"Y_GE25";"M";"UKH";51
"THS";"Y_GE25";"M";"UKH1";17.7
"THS";"Y_GE25";"M";"UKH2";15.7
"THS";"Y_GE25";"M";"UKH3";17.6
"THS";"Y_GE25";"M";"UKI";113.5
"THS";"Y_GE25";"M";"UKI3";17.6
"THS";"Y_GE25";"M";"UKI4";40.3
"THS";"Y_GE25";"M";"UKI5";18.7
"THS";"Y_GE25";"M";"UKI6";12.4
"THS";"Y_GE25";"M";"UKI7";24.5
"THS";"Y_GE25";"M";"UKJ";56.9
"THS";"Y_GE25";"M";"UKJ1";16
"THS";"Y_GE25";"M";"UKJ2";15.6
"THS";"Y_GE25";"M";"UKJ3";12.3
"THS";"Y_GE25";"M";"UKJ4";13.1
"THS";"Y_GE25";"M";"UKK";42.7
"THS";"Y_GE25";"M";"UKK1";20.2
"THS";"Y_GE25";"M";"UKK2";10.3
"THS";"Y_GE25";"M";"UKK3";4
"THS";"Y_GE25";"M";"UKK4";8.3
"THS";"Y_GE25";"M";"UKL";32.4
"THS";"Y_GE25";"M";"UKL1";21.4
"THS";"Y_GE25";"M";"UKL2";11
"THS";"Y_GE25";"M";"UKM";51.9
"THS";"Y_GE25";"M";"UKM2";18.9
"THS";"Y_GE25";"M";"UKM3";25.7
"THS";"Y_GE25";"M";"UKM5";NA
"THS";"Y_GE25";"M";"UKM6";NA
"THS";"Y_GE25";"M";"UKN";21.6
"THS";"Y_GE25";"M";"UKN0";21.6
"THS";"Y_GE25";"T";"AT";186.7
"THS";"Y_GE25";"T";"AT1";106.5
"THS";"Y_GE25";"T";"AT11";5.2
"THS";"Y_GE25";"T";"AT12";30.4
"THS";"Y_GE25";"T";"AT13";71
"THS";"Y_GE25";"T";"AT2";37
"THS";"Y_GE25";"T";"AT21";12.9
"THS";"Y_GE25";"T";"AT22";24.1
"THS";"Y_GE25";"T";"AT3";43.1
"THS";"Y_GE25";"T";"AT31";22.1
"THS";"Y_GE25";"T";"AT32";7.6
"THS";"Y_GE25";"T";"AT33";9.2
"THS";"Y_GE25";"T";"AT34";4.2
"THS";"Y_GE25";"T";"BE";330.7
"THS";"Y_GE25";"T";"BE1";82.1
"THS";"Y_GE25";"T";"BE10";82.1
"THS";"Y_GE25";"T";"BE2";109.8
"THS";"Y_GE25";"T";"BE21";38.4
"THS";"Y_GE25";"T";"BE22";16.7
"THS";"Y_GE25";"T";"BE23";19.8
"THS";"Y_GE25";"T";"BE24";19.3
"THS";"Y_GE25";"T";"BE25";15.6
"THS";"Y_GE25";"T";"BE3";138.8
"THS";"Y_GE25";"T";"BE31";13.1
"THS";"Y_GE25";"T";"BE32";60.3
"THS";"Y_GE25";"T";"BE33";43.8
"THS";"Y_GE25";"T";"BE34";7.9
"THS";"Y_GE25";"T";"BE35";13.7
"THS";"Y_GE25";"T";"BG";336.9
"THS";"Y_GE25";"T";"BG3";181.6
"THS";"Y_GE25";"T";"BG31";40.8
"THS";"Y_GE25";"T";"BG32";43.4
"THS";"Y_GE25";"T";"BG33";49.8
"THS";"Y_GE25";"T";"BG34";47.6
"THS";"Y_GE25";"T";"BG4";155.3
"THS";"Y_GE25";"T";"BG41";85.8
"THS";"Y_GE25";"T";"BG42";69.5
"THS";"Y_GE25";"T";"CY";54.4
"THS";"Y_GE25";"T";"CY0";54.4
"THS";"Y_GE25";"T";"CY00";54.4
"THS";"Y_GE25";"T";"CZ";267.1
"THS";"Y_GE25";"T";"CZ0";267.1
"THS";"Y_GE25";"T";"CZ01";13.5
"THS";"Y_GE25";"T";"CZ02";29
"THS";"Y_GE25";"T";"CZ03";27.4
"THS";"Y_GE25";"T";"CZ04";39
"THS";"Y_GE25";"T";"CZ05";38.1
"THS";"Y_GE25";"T";"CZ06";41.5
"THS";"Y_GE25";"T";"CZ07";35.3
"THS";"Y_GE25";"T";"CZ08";43.4
"THS";"Y_GE25";"T";"DE";1762.4
"THS";"Y_GE25";"T";"DE1";144.7
"THS";"Y_GE25";"T";"DE11";55
"THS";"Y_GE25";"T";"DE12";41.8
"THS";"Y_GE25";"T";"DE13";28.8
"THS";"Y_GE25";"T";"DE14";19.1
"THS";"Y_GE25";"T";"DE2";162.5
"THS";"Y_GE25";"T";"DE21";52.6
"THS";"Y_GE25";"T";"DE22";15
"THS";"Y_GE25";"T";"DE23";13.8
"THS";"Y_GE25";"T";"DE24";18.4
"THS";"Y_GE25";"T";"DE25";22.5
"THS";"Y_GE25";"T";"DE26";16.4
"THS";"Y_GE25";"T";"DE27";23.8
"THS";"Y_GE25";"T";"DE3";156.1
"THS";"Y_GE25";"T";"DE30";156.1
"THS";"Y_GE25";"T";"DE4";77.4
"THS";"Y_GE25";"T";"DE40";77.4
"THS";"Y_GE25";"T";"DE5";17.8
"THS";"Y_GE25";"T";"DE50";17.8
"THS";"Y_GE25";"T";"DE6";40.7
"THS";"Y_GE25";"T";"DE60";40.7
"THS";"Y_GE25";"T";"DE7";108.7
"THS";"Y_GE25";"T";"DE71";70.8
"THS";"Y_GE25";"T";"DE72";16.6
"THS";"Y_GE25";"T";"DE73";21.3
"THS";"Y_GE25";"T";"DE8";71.1
"THS";"Y_GE25";"T";"DE80";71.1
"THS";"Y_GE25";"T";"DE9";155.2
"THS";"Y_GE25";"T";"DE91";37
"THS";"Y_GE25";"T";"DE92";47.7
"THS";"Y_GE25";"T";"DE93";28.5
"THS";"Y_GE25";"T";"DE94";42
"THS";"Y_GE25";"T";"DEA";405.5
"THS";"Y_GE25";"T";"DEA1";139.4
"THS";"Y_GE25";"T";"DEA2";94
"THS";"Y_GE25";"T";"DEA3";49.5
"THS";"Y_GE25";"T";"DEA4";40.9
"THS";"Y_GE25";"T";"DEA5";81.7
"THS";"Y_GE25";"T";"DEB";62.3
"THS";"Y_GE25";"T";"DEB1";23.6
"THS";"Y_GE25";"T";"DEB2";6.1
"THS";"Y_GE25";"T";"DEB3";32.6
"THS";"Y_GE25";"T";"DEC";24
"THS";"Y_GE25";"T";"DEC0";24
"THS";"Y_GE25";"T";"DED";133.1
"THS";"Y_GE25";"T";"DED2";51.3
"THS";"Y_GE25";"T";"DED4";43.1
"THS";"Y_GE25";"T";"DED5";38.6
"THS";"Y_GE25";"T";"DEE";90.4
"THS";"Y_GE25";"T";"DEE0";90.4
"THS";"Y_GE25";"T";"DEF";52.3
"THS";"Y_GE25";"T";"DEF0";52.3
"THS";"Y_GE25";"T";"DEG";60.6
"THS";"Y_GE25";"T";"DEG0";60.6
"THS";"Y_GE25";"T";"DK";135.9
"THS";"Y_GE25";"T";"DK0";135.9
"THS";"Y_GE25";"T";"DK01";49.9
"THS";"Y_GE25";"T";"DK02";17.7
"THS";"Y_GE25";"T";"DK03";27.9
"THS";"Y_GE25";"T";"DK04";27.5
"THS";"Y_GE25";"T";"DK05";12.9
"THS";"Y_GE25";"T";"EE";41.1
"THS";"Y_GE25";"T";"EE0";41.1
"THS";"Y_GE25";"T";"EE00";41.1
"THS";"Y_GE25";"T";"EL";1114
"THS";"Y_GE25";"T";"EL3";441.5
"THS";"Y_GE25";"T";"EL30";441.5
"THS";"Y_GE25";"T";"EL4";100.9
"THS";"Y_GE25";"T";"EL41";15.3
"THS";"Y_GE25";"T";"EL42";28
"THS";"Y_GE25";"T";"EL43";57.6
"THS";"Y_GE25";"T";"EL5";315.6
"THS";"Y_GE25";"T";"EL51";52.2
"THS";"Y_GE25";"T";"EL52";202.6
"THS";"Y_GE25";"T";"EL53";28.3
"THS";"Y_GE25";"T";"EL54";32.4
"THS";"Y_GE25";"T";"EL6";256.1
"THS";"Y_GE25";"T";"EL61";68.9
"THS";"Y_GE25";"T";"EL62";16.5
"THS";"Y_GE25";"T";"EL63";67.6
"THS";"Y_GE25";"T";"EL64";53.2
"THS";"Y_GE25";"T";"EL65";49.9
"THS";"Y_GE25";"T";"ES";4759.5
"THS";"Y_GE25";"T";"ES1";380.7
"THS";"Y_GE25";"T";"ES11";241.6
"THS";"Y_GE25";"T";"ES12";90.9
"THS";"Y_GE25";"T";"ES13";48.2
"THS";"Y_GE25";"T";"ES2";322.2
"THS";"Y_GE25";"T";"ES21";148.3
"THS";"Y_GE25";"T";"ES22";40.2
"THS";"Y_GE25";"T";"ES23";23.8
"THS";"Y_GE25";"T";"ES24";109.9
"THS";"Y_GE25";"T";"ES3";520.9
"THS";"Y_GE25";"T";"ES30";520.9
"THS";"Y_GE25";"T";"ES4";576.7
"THS";"Y_GE25";"T";"ES41";208.5
"THS";"Y_GE25";"T";"ES42";240.9
"THS";"Y_GE25";"T";"ES43";127.3
"THS";"Y_GE25";"T";"ES5";1268.3
"THS";"Y_GE25";"T";"ES51";639.3
"THS";"Y_GE25";"T";"ES52";527.3
"THS";"Y_GE25";"T";"ES53";101.7
"THS";"Y_GE25";"T";"ES6";1382.3
"THS";"Y_GE25";"T";"ES61";1202.1
"THS";"Y_GE25";"T";"ES62";162.3
"THS";"Y_GE25";"T";"ES63";9.7
"THS";"Y_GE25";"T";"ES64";8.2
"THS";"Y_GE25";"T";"ES7";308.4
"THS";"Y_GE25";"T";"ES70";308.4
"THS";"Y_GE25";"T";"FI";164.4
"THS";"Y_GE25";"T";"FI1";164.1
"THS";"Y_GE25";"T";"FI19";40.5
"THS";"Y_GE25";"T";"FI1B";44.3
"THS";"Y_GE25";"T";"FI1C";36.7
"THS";"Y_GE25";"T";"FI1D";42.5
"THS";"Y_GE25";"T";"FI2";NA
"THS";"Y_GE25";"T";"FI20";NA
"THS";"Y_GE25";"T";"FR";2370.5
"THS";"Y_GE25";"T";"FR1";462.8
"THS";"Y_GE25";"T";"FR10";462.8
"THS";"Y_GE25";"T";"FR2";376
"THS";"Y_GE25";"T";"FR21";49.3
"THS";"Y_GE25";"T";"FR22";72.4
"THS";"Y_GE25";"T";"FR23";74.5
"THS";"Y_GE25";"T";"FR24";82.3
"THS";"Y_GE25";"T";"FR25";38.5
"THS";"Y_GE25";"T";"FR26";58.9
"THS";"Y_GE25";"T";"FR3";183.8
"THS";"Y_GE25";"T";"FR30";183.8
"THS";"Y_GE25";"T";"FR4";198.7
"THS";"Y_GE25";"T";"FR41";95.4
"THS";"Y_GE25";"T";"FR42";62.7
"THS";"Y_GE25";"T";"FR43";40.6
"THS";"Y_GE25";"T";"FR5";252.9
"THS";"Y_GE25";"T";"FR51";107.1
"THS";"Y_GE25";"T";"FR52";83.4
"THS";"Y_GE25";"T";"FR53";62.5
"THS";"Y_GE25";"T";"FR6";223.6
"THS";"Y_GE25";"T";"FR61";103.5
"THS";"Y_GE25";"T";"FR62";98.6
"THS";"Y_GE25";"T";"FR63";21.5
"THS";"Y_GE25";"T";"FR7";233.3
"THS";"Y_GE25";"T";"FR71";201
"THS";"Y_GE25";"T";"FR72";32.3
"THS";"Y_GE25";"T";"FR8";290.5
"THS";"Y_GE25";"T";"FR81";109.5
"THS";"Y_GE25";"T";"FR82";176
"THS";"Y_GE25";"T";"FR83";5
"THS";"Y_GE25";"T";"FRA";148.9
"THS";"Y_GE25";"T";"FRA1";31.9
"THS";"Y_GE25";"T";"FRA2";25
"THS";"Y_GE25";"T";"FRA3";14.3
"THS";"Y_GE25";"T";"FRA4";69.5
"THS";"Y_GE25";"T";"FRA5";8.2
"THS";"Y_GE25";"T";"HR";252
"THS";"Y_GE25";"T";"HR0";252
"THS";"Y_GE25";"T";"HR03";81.5
"THS";"Y_GE25";"T";"HR04";170.5
"THS";"Y_GE25";"T";"HU";275.7
"THS";"Y_GE25";"T";"HU1";73.7
"THS";"Y_GE25";"T";"HU10";73.7
"THS";"Y_GE25";"T";"HU2";62.7
"THS";"Y_GE25";"T";"HU21";21.3
"THS";"Y_GE25";"T";"HU22";16.5
"THS";"Y_GE25";"T";"HU23";24.9
"THS";"Y_GE25";"T";"HU3";139.3
"THS";"Y_GE25";"T";"HU31";40.6
"THS";"Y_GE25";"T";"HU32";59.8
"THS";"Y_GE25";"T";"HU33";38.9
"THS";"Y_GE25";"T";"IE";196.1
"THS";"Y_GE25";"T";"IE0";196.1
"THS";"Y_GE25";"T";"IE01";52.9
"THS";"Y_GE25";"T";"IE02";143.2
"THS";"Y_GE25";"T";"IT";2543.9
"THS";"Y_GE25";"T";"ITC";528.7
"THS";"Y_GE25";"T";"ITC1";174.4
"THS";"Y_GE25";"T";"ITC2";4.2
"THS";"Y_GE25";"T";"ITC3";57.2
"THS";"Y_GE25";"T";"ITC4";292.9
"THS";"Y_GE25";"T";"ITF";804.8
"THS";"Y_GE25";"T";"ITF1";54.3
"THS";"Y_GE25";"T";"ITF2";14.7
"THS";"Y_GE25";"T";"ITF3";341.7
"THS";"Y_GE25";"T";"ITF4";241.9
"THS";"Y_GE25";"T";"ITF5";25.2
"THS";"Y_GE25";"T";"ITF6";127
"THS";"Y_GE25";"T";"ITG";400.2
"THS";"Y_GE25";"T";"ITG1";296.9
"THS";"Y_GE25";"T";"ITG2";103.3
"THS";"Y_GE25";"T";"ITH";319.8
"THS";"Y_GE25";"T";"ITH1";8.5
"THS";"Y_GE25";"T";"ITH2";12.9
"THS";"Y_GE25";"T";"ITH3";128.6
"THS";"Y_GE25";"T";"ITH4";35.2
"THS";"Y_GE25";"T";"ITH5";134.6
"THS";"Y_GE25";"T";"ITI";490.5
"THS";"Y_GE25";"T";"ITI1";136.8
"THS";"Y_GE25";"T";"ITI2";35
"THS";"Y_GE25";"T";"ITI3";56.1
"THS";"Y_GE25";"T";"ITI4";262.5
"THS";"Y_GE25";"T";"LT";132.6
"THS";"Y_GE25";"T";"LT0";132.6
"THS";"Y_GE25";"T";"LT00";132.6
"THS";"Y_GE25";"T";"LU";11.7
"THS";"Y_GE25";"T";"LU0";11.7
"THS";"Y_GE25";"T";"LU00";11.7
"THS";"Y_GE25";"T";"LV";90.8
"THS";"Y_GE25";"T";"LV0";90.8
"THS";"Y_GE25";"T";"LV00";90.8
"THS";"Y_GE25";"T";"MT";7.9
"THS";"Y_GE25";"T";"MT0";7.9
"THS";"Y_GE25";"T";"MT00";7.9
"THS";"Y_GE25";"T";"NL";484.4
"THS";"Y_GE25";"T";"NL1";50
"THS";"Y_GE25";"T";"NL11";17.6
"THS";"Y_GE25";"T";"NL12";19.2
"THS";"Y_GE25";"T";"NL13";13.1
"THS";"Y_GE25";"T";"NL2";104.7
"THS";"Y_GE25";"T";"NL21";31.8
"THS";"Y_GE25";"T";"NL22";56.4
"THS";"Y_GE25";"T";"NL23";16.5
"THS";"Y_GE25";"T";"NL3";231.1
"THS";"Y_GE25";"T";"NL31";30.8
"THS";"Y_GE25";"T";"NL32";76.5
"THS";"Y_GE25";"T";"NL33";115.9
"THS";"Y_GE25";"T";"NL34";7.9
"THS";"Y_GE25";"T";"NL4";98.7
"THS";"Y_GE25";"T";"NL41";68.9
"THS";"Y_GE25";"T";"NL42";29.8
"THS";"Y_GE25";"T";"PL";1219.4
"THS";"Y_GE25";"T";"PL1";263.4
"THS";"Y_GE25";"T";"PL11";101.2
"THS";"Y_GE25";"T";"PL12";162.2
"THS";"Y_GE25";"T";"PL2";235.9
"THS";"Y_GE25";"T";"PL21";97.8
"THS";"Y_GE25";"T";"PL22";138.1
"THS";"Y_GE25";"T";"PL3";272.2
"THS";"Y_GE25";"T";"PL31";82.1
"THS";"Y_GE25";"T";"PL32";95
"THS";"Y_GE25";"T";"PL33";58.3
"THS";"Y_GE25";"T";"PL34";36.9
"THS";"Y_GE25";"T";"PL4";152.3
"THS";"Y_GE25";"T";"PL41";82.3
"THS";"Y_GE25";"T";"PL42";41.9
"THS";"Y_GE25";"T";"PL43";28.1
"THS";"Y_GE25";"T";"PL5";113.4
"THS";"Y_GE25";"T";"PL51";89.1
"THS";"Y_GE25";"T";"PL52";24.3
"THS";"Y_GE25";"T";"PL6";182.2
"THS";"Y_GE25";"T";"PL61";71
"THS";"Y_GE25";"T";"PL62";46.4
"THS";"Y_GE25";"T";"PL63";64.8
"THS";"Y_GE25";"T";"PT";594.6
"THS";"Y_GE25";"T";"PT1";565
"THS";"Y_GE25";"T";"PT11";218.8
"THS";"Y_GE25";"T";"PT15";27.6
"THS";"Y_GE25";"T";"PT16";103.1
"THS";"Y_GE25";"T";"PT17";173.3
"THS";"Y_GE25";"T";"PT18";42.2
"THS";"Y_GE25";"T";"PT2";14.4
"THS";"Y_GE25";"T";"PT20";14.4
"THS";"Y_GE25";"T";"PT3";15.1
"THS";"Y_GE25";"T";"PT30";15.1
"THS";"Y_GE25";"T";"RO";468
"THS";"Y_GE25";"T";"RO1";97.6
"THS";"Y_GE25";"T";"RO11";33.3
"THS";"Y_GE25";"T";"RO12";64.3
"THS";"Y_GE25";"T";"RO2";136.3
"THS";"Y_GE25";"T";"RO21";50.6
"THS";"Y_GE25";"T";"RO22";85.7
"THS";"Y_GE25";"T";"RO3";159.3
"THS";"Y_GE25";"T";"RO31";91.9
"THS";"Y_GE25";"T";"RO32";67.3
"THS";"Y_GE25";"T";"RO4";74.8
"THS";"Y_GE25";"T";"RO41";47.8
"THS";"Y_GE25";"T";"RO42";27
"THS";"Y_GE25";"T";"SE";259.1
"THS";"Y_GE25";"T";"SE1";100
"THS";"Y_GE25";"T";"SE11";58.1
"THS";"Y_GE25";"T";"SE12";41.8
"THS";"Y_GE25";"T";"SE2";115.8
"THS";"Y_GE25";"T";"SE21";16.8
"THS";"Y_GE25";"T";"SE22";49.9
"THS";"Y_GE25";"T";"SE23";49
"THS";"Y_GE25";"T";"SE3";43.4
"THS";"Y_GE25";"T";"SE31";22.7
"THS";"Y_GE25";"T";"SE32";9
"THS";"Y_GE25";"T";"SE33";11.7
"THS";"Y_GE25";"T";"SI";83.9
"THS";"Y_GE25";"T";"SI0";83.9
"THS";"Y_GE25";"T";"SI03";50.8
"THS";"Y_GE25";"T";"SI04";33.2
"THS";"Y_GE25";"T";"SK";296.2
"THS";"Y_GE25";"T";"SK0";296.2
"THS";"Y_GE25";"T";"SK01";17.5
"THS";"Y_GE25";"T";"SK02";84.8
"THS";"Y_GE25";"T";"SK03";89.2
"THS";"Y_GE25";"T";"SK04";104.6
"THS";"Y_GE25";"T";"UK";1235.7
"THS";"Y_GE25";"T";"UKC";68.9
"THS";"Y_GE25";"T";"UKC1";32.8
"THS";"Y_GE25";"T";"UKC2";36
"THS";"Y_GE25";"T";"UKD";148.6
"THS";"Y_GE25";"T";"UKD1";7.7
"THS";"Y_GE25";"T";"UKD3";68.4
"THS";"Y_GE25";"T";"UKD4";30.1
"THS";"Y_GE25";"T";"UKD6";10.7
"THS";"Y_GE25";"T";"UKD7";31.7
"THS";"Y_GE25";"T";"UKE";119.3
"THS";"Y_GE25";"T";"UKE1";24.1
"THS";"Y_GE25";"T";"UKE2";11.7
"THS";"Y_GE25";"T";"UKE3";37.6
"THS";"Y_GE25";"T";"UKE4";46
"THS";"Y_GE25";"T";"UKF";83.2
"THS";"Y_GE25";"T";"UKF1";38.8
"THS";"Y_GE25";"T";"UKF2";31.6
"THS";"Y_GE25";"T";"UKF3";12.8
"THS";"Y_GE25";"T";"UKG";118.1
"THS";"Y_GE25";"T";"UKG1";17
"THS";"Y_GE25";"T";"UKG2";27.8
"THS";"Y_GE25";"T";"UKG3";73.3
"THS";"Y_GE25";"T";"UKH";96.8
"THS";"Y_GE25";"T";"UKH1";36.8
"THS";"Y_GE25";"T";"UKH2";25.3
"THS";"Y_GE25";"T";"UKH3";34.7
"THS";"Y_GE25";"T";"UKI";215.4
"THS";"Y_GE25";"T";"UKI3";31.6
"THS";"Y_GE25";"T";"UKI4";70.6
"THS";"Y_GE25";"T";"UKI5";44.1
"THS";"Y_GE25";"T";"UKI6";25.2
"THS";"Y_GE25";"T";"UKI7";43.8
"THS";"Y_GE25";"T";"UKJ";125.1
"THS";"Y_GE25";"T";"UKJ1";33.5
"THS";"Y_GE25";"T";"UKJ2";37.6
"THS";"Y_GE25";"T";"UKJ3";24.5
"THS";"Y_GE25";"T";"UKJ4";29.5
"THS";"Y_GE25";"T";"UKK";73.8
"THS";"Y_GE25";"T";"UKK1";37.9
"THS";"Y_GE25";"T";"UKK2";14.7
"THS";"Y_GE25";"T";"UKK3";6.1
"THS";"Y_GE25";"T";"UKK4";15.1
"THS";"Y_GE25";"T";"UKL";56.7
"THS";"Y_GE25";"T";"UKL1";37
"THS";"Y_GE25";"T";"UKL2";19.8
"THS";"Y_GE25";"T";"UKM";96
"THS";"Y_GE25";"T";"UKM2";32.5
"THS";"Y_GE25";"T";"UKM3";47.9
"THS";"Y_GE25";"T";"UKM5";8.4
"THS";"Y_GE25";"T";"UKM6";7.2
"THS";"Y_GE25";"T";"UKN";33.7
"THS";"Y_GE25";"T";"UKN0";33.7
