"age";"unit";"sex";"worktime";"geo";"X2014"
"TOTAL";"THS";"F";"FT";"AT";1029
"TOTAL";"THS";"F";"FT";"AT1";462.8
"TOTAL";"THS";"F";"FT";"AT11";35.3
"TOTAL";"THS";"F";"FT";"AT12";201.1
"TOTAL";"THS";"F";"FT";"AT13";226.4
"TOTAL";"THS";"F";"FT";"AT2";203.3
"TOTAL";"THS";"F";"FT";"AT21";64.3
"TOTAL";"THS";"F";"FT";"AT22";139
"TOTAL";"THS";"F";"FT";"AT3";362.8
"TOTAL";"THS";"F";"FT";"AT31";167
"TOTAL";"THS";"F";"FT";"AT32";65.8
"TOTAL";"THS";"F";"FT";"AT33";87.2
"TOTAL";"THS";"F";"FT";"AT34";42.8
"TOTAL";"THS";"F";"FT";"BE";1236.2
"TOTAL";"THS";"F";"FT";"BE1";135.4
"TOTAL";"THS";"F";"FT";"BE10";135.4
"TOTAL";"THS";"F";"FT";"BE2";738
"TOTAL";"THS";"F";"FT";"BE21";198.2
"TOTAL";"THS";"F";"FT";"BE22";85.6
"TOTAL";"THS";"F";"FT";"BE23";181.4
"TOTAL";"THS";"F";"FT";"BE24";141.4
"TOTAL";"THS";"F";"FT";"BE25";131.5
"TOTAL";"THS";"F";"FT";"BE3";362.8
"TOTAL";"THS";"F";"FT";"BE31";48.8
"TOTAL";"THS";"F";"FT";"BE32";131.8
"TOTAL";"THS";"F";"FT";"BE33";103.6
"TOTAL";"THS";"F";"FT";"BE34";26
"TOTAL";"THS";"F";"FT";"BE35";52.6
"TOTAL";"THS";"F";"FT";"BG";1361.4
"TOTAL";"THS";"F";"FT";"BG3";622.2
"TOTAL";"THS";"F";"FT";"BG31";130.1
"TOTAL";"THS";"F";"FT";"BG32";141.2
"TOTAL";"THS";"F";"FT";"BG33";171.2
"TOTAL";"THS";"F";"FT";"BG34";179.8
"TOTAL";"THS";"F";"FT";"BG4";739.1
"TOTAL";"THS";"F";"FT";"BG41";467.2
"TOTAL";"THS";"F";"FT";"BG42";271.9
"TOTAL";"THS";"F";"FT";"CY";147
"TOTAL";"THS";"F";"FT";"CY0";147
"TOTAL";"THS";"F";"FT";"CY00";147
"TOTAL";"THS";"F";"FT";"CZ";1932.5
"TOTAL";"THS";"F";"FT";"CZ0";1932.5
"TOTAL";"THS";"F";"FT";"CZ01";246
"TOTAL";"THS";"F";"FT";"CZ02";249.2
"TOTAL";"THS";"F";"FT";"CZ03";227
"TOTAL";"THS";"F";"FT";"CZ04";198.8
"TOTAL";"THS";"F";"FT";"CZ05";273
"TOTAL";"THS";"F";"FT";"CZ06";304.5
"TOTAL";"THS";"F";"FT";"CZ07";218.6
"TOTAL";"THS";"F";"FT";"CZ08";215.5
"TOTAL";"THS";"F";"FT";"DE";9846.8
"TOTAL";"THS";"F";"FT";"DE1";1268.5
"TOTAL";"THS";"F";"FT";"DE11";488.4
"TOTAL";"THS";"F";"FT";"DE12";318.4
"TOTAL";"THS";"F";"FT";"DE13";258.7
"TOTAL";"THS";"F";"FT";"DE14";203
"TOTAL";"THS";"F";"FT";"DE2";1603.8
"TOTAL";"THS";"F";"FT";"DE21";629.6
"TOTAL";"THS";"F";"FT";"DE22";135.6
"TOTAL";"THS";"F";"FT";"DE23";143.2
"TOTAL";"THS";"F";"FT";"DE24";118
"TOTAL";"THS";"F";"FT";"DE25";219.2
"TOTAL";"THS";"F";"FT";"DE26";146.2
"TOTAL";"THS";"F";"FT";"DE27";211.9
"TOTAL";"THS";"F";"FT";"DE3";501.9
"TOTAL";"THS";"F";"FT";"DE30";501.9
"TOTAL";"THS";"F";"FT";"DE4";365.4
"TOTAL";"THS";"F";"FT";"DE40";365.4
"TOTAL";"THS";"F";"FT";"DE5";74.1
"TOTAL";"THS";"F";"FT";"DE50";74.1
"TOTAL";"THS";"F";"FT";"DE6";258.8
"TOTAL";"THS";"F";"FT";"DE60";258.8
"TOTAL";"THS";"F";"FT";"DE7";720.8
"TOTAL";"THS";"F";"FT";"DE71";482.5
"TOTAL";"THS";"F";"FT";"DE72";110.3
"TOTAL";"THS";"F";"FT";"DE73";128
"TOTAL";"THS";"F";"FT";"DE8";210
"TOTAL";"THS";"F";"FT";"DE80";210
"TOTAL";"THS";"F";"FT";"DE9";876.3
"TOTAL";"THS";"F";"FT";"DE91";176.1
"TOTAL";"THS";"F";"FT";"DE92";251.1
"TOTAL";"THS";"F";"FT";"DE93";184.8
"TOTAL";"THS";"F";"FT";"DE94";264.3
"TOTAL";"THS";"F";"FT";"DEA";1939.9
"TOTAL";"THS";"F";"FT";"DEA1";582.7
"TOTAL";"THS";"F";"FT";"DEA2";509.1
"TOTAL";"THS";"F";"FT";"DEA3";261.6
"TOTAL";"THS";"F";"FT";"DEA4";212.2
"TOTAL";"THS";"F";"FT";"DEA5";374.3
"TOTAL";"THS";"F";"FT";"DEB";452.2
"TOTAL";"THS";"F";"FT";"DEB1";158.9
"TOTAL";"THS";"F";"FT";"DEB2";59.6
"TOTAL";"THS";"F";"FT";"DEB3";233.8
"TOTAL";"THS";"F";"FT";"DEC";110.5
"TOTAL";"THS";"F";"FT";"DEC0";110.5
"TOTAL";"THS";"F";"FT";"DED";539.7
"TOTAL";"THS";"F";"FT";"DED2";207.6
"TOTAL";"THS";"F";"FT";"DED4";189.8
"TOTAL";"THS";"F";"FT";"DED5";142.3
"TOTAL";"THS";"F";"FT";"DEE";303.8
"TOTAL";"THS";"F";"FT";"DEE0";303.8
"TOTAL";"THS";"F";"FT";"DEF";319.6
"TOTAL";"THS";"F";"FT";"DEF0";319.6
"TOTAL";"THS";"F";"FT";"DEG";301.4
"TOTAL";"THS";"F";"FT";"DEG0";301.4
"TOTAL";"THS";"F";"FT";"DK";824.2
"TOTAL";"THS";"F";"FT";"DK0";824.2
"TOTAL";"THS";"F";"FT";"DK01";281.6
"TOTAL";"THS";"F";"FT";"DK02";119.7
"TOTAL";"THS";"F";"FT";"DK03";160.8
"TOTAL";"THS";"F";"FT";"DK04";178.5
"TOTAL";"THS";"F";"FT";"DK05";83.6
"TOTAL";"THS";"F";"FT";"EE";265.8
"TOTAL";"THS";"F";"FT";"EE0";265.8
"TOTAL";"THS";"F";"FT";"EE00";265.8
"TOTAL";"THS";"F";"FT";"EL";1284.4
"TOTAL";"THS";"F";"FT";"EL3";500.4
"TOTAL";"THS";"F";"FT";"EL30";500.4
"TOTAL";"THS";"F";"FT";"EL4";149.8
"TOTAL";"THS";"F";"FT";"EL41";20.5
"TOTAL";"THS";"F";"FT";"EL42";49.9
"TOTAL";"THS";"F";"FT";"EL43";79.4
"TOTAL";"THS";"F";"FT";"EL5";342.6
"TOTAL";"THS";"F";"FT";"EL51";72.5
"TOTAL";"THS";"F";"FT";"EL52";204
"TOTAL";"THS";"F";"FT";"EL53";26.8
"TOTAL";"THS";"F";"FT";"EL54";39.3
"TOTAL";"THS";"F";"FT";"EL6";291.6
"TOTAL";"THS";"F";"FT";"EL61";70.7
"TOTAL";"THS";"F";"FT";"EL62";26.4
"TOTAL";"THS";"F";"FT";"EL63";70.3
"TOTAL";"THS";"F";"FT";"EL64";57.2
"TOTAL";"THS";"F";"FT";"EL65";67
"TOTAL";"THS";"F";"FT";"ES";5879.9
"TOTAL";"THS";"F";"FT";"ES1";586.4
"TOTAL";"THS";"F";"FT";"ES11";366.7
"TOTAL";"THS";"F";"FT";"ES12";139.7
"TOTAL";"THS";"F";"FT";"ES13";79.9
"TOTAL";"THS";"F";"FT";"ES2";574.4
"TOTAL";"THS";"F";"FT";"ES21";282.6
"TOTAL";"THS";"F";"FT";"ES22";82.1
"TOTAL";"THS";"F";"FT";"ES23";40.2
"TOTAL";"THS";"F";"FT";"ES24";169.5
"TOTAL";"THS";"F";"FT";"ES3";1025.5
"TOTAL";"THS";"F";"FT";"ES30";1025.5
"TOTAL";"THS";"F";"FT";"ES4";615.7
"TOTAL";"THS";"F";"FT";"ES41";291.1
"TOTAL";"THS";"F";"FT";"ES42";217.8
"TOTAL";"THS";"F";"FT";"ES43";106.8
"TOTAL";"THS";"F";"FT";"ES5";1836.5
"TOTAL";"THS";"F";"FT";"ES51";1099.1
"TOTAL";"THS";"F";"FT";"ES52";561.2
"TOTAL";"THS";"F";"FT";"ES53";176.1
"TOTAL";"THS";"F";"FT";"ES6";981.7
"TOTAL";"THS";"F";"FT";"ES61";805.3
"TOTAL";"THS";"F";"FT";"ES62";161.1
"TOTAL";"THS";"F";"FT";"ES63";7.9
"TOTAL";"THS";"F";"FT";"ES64";7.4
"TOTAL";"THS";"F";"FT";"ES7";259.8
"TOTAL";"THS";"F";"FT";"ES70";259.8
"TOTAL";"THS";"F";"FT";"FI";952
"TOTAL";"THS";"F";"FT";"FI1";946.4
"TOTAL";"THS";"F";"FT";"FI19";228.3
"TOTAL";"THS";"F";"FT";"FI1B";321.4
"TOTAL";"THS";"F";"FT";"FI1C";190.1
"TOTAL";"THS";"F";"FT";"FI1D";206.7
"TOTAL";"THS";"F";"FT";"FI2";5.5
"TOTAL";"THS";"F";"FT";"FI20";5.5
"TOTAL";"THS";"F";"FT";"FR";8805.6
"TOTAL";"THS";"F";"FT";"FR1";1990
"TOTAL";"THS";"F";"FT";"FR10";1990
"TOTAL";"THS";"F";"FT";"FR2";1394.9
"TOTAL";"THS";"F";"FT";"FR21";160.1
"TOTAL";"THS";"F";"FT";"FR22";242.3
"TOTAL";"THS";"F";"FT";"FR23";233.9
"TOTAL";"THS";"F";"FT";"FR24";336.6
"TOTAL";"THS";"F";"FT";"FR25";197.7
"TOTAL";"THS";"F";"FT";"FR26";224.3
"TOTAL";"THS";"F";"FT";"FR3";467.8
"TOTAL";"THS";"F";"FT";"FR30";467.8
"TOTAL";"THS";"F";"FT";"FR4";672.8
"TOTAL";"THS";"F";"FT";"FR41";273.3
"TOTAL";"THS";"F";"FT";"FR42";252.3
"TOTAL";"THS";"F";"FT";"FR43";147.2
"TOTAL";"THS";"F";"FT";"FR5";1124.3
"TOTAL";"THS";"F";"FT";"FR51";469.8
"TOTAL";"THS";"F";"FT";"FR52";423.6
"TOTAL";"THS";"F";"FT";"FR53";230.9
"TOTAL";"THS";"F";"FT";"FR6";958.8
"TOTAL";"THS";"F";"FT";"FR61";454.2
"TOTAL";"THS";"F";"FT";"FR62";399
"TOTAL";"THS";"F";"FT";"FR63";105.5
"TOTAL";"THS";"F";"FT";"FR7";1010.7
"TOTAL";"THS";"F";"FT";"FR71";841.3
"TOTAL";"THS";"F";"FT";"FR72";169.3
"TOTAL";"THS";"F";"FT";"FR8";981.1
"TOTAL";"THS";"F";"FT";"FR81";298.4
"TOTAL";"THS";"F";"FT";"FR82";662.4
"TOTAL";"THS";"F";"FT";"FR83";20.3
"TOTAL";"THS";"F";"FT";"FRA";205.1
"TOTAL";"THS";"F";"FT";"FRA1";45.5
"TOTAL";"THS";"F";"FT";"FRA2";49.1
"TOTAL";"THS";"F";"FT";"FRA3";20.7
"TOTAL";"THS";"F";"FT";"FRA4";77.7
"TOTAL";"THS";"F";"FT";"FRA5";12.2
"TOTAL";"THS";"F";"FT";"HR";661.4
"TOTAL";"THS";"F";"FT";"HR0";661.4
"TOTAL";"THS";"F";"FT";"HR03";224.2
"TOTAL";"THS";"F";"FT";"HR04";437.2
"TOTAL";"THS";"F";"FT";"HU";1710.4
"TOTAL";"THS";"F";"FT";"HU1";562.2
"TOTAL";"THS";"F";"FT";"HU10";562.2
"TOTAL";"THS";"F";"FT";"HU2";526.1
"TOTAL";"THS";"F";"FT";"HU21";195.7
"TOTAL";"THS";"F";"FT";"HU22";183
"TOTAL";"THS";"F";"FT";"HU23";147.3
"TOTAL";"THS";"F";"FT";"HU3";622.2
"TOTAL";"THS";"F";"FT";"HU31";180.7
"TOTAL";"THS";"F";"FT";"HU32";233.2
"TOTAL";"THS";"F";"FT";"HU33";208.2
"TOTAL";"THS";"F";"FT";"IE";568.6
"TOTAL";"THS";"F";"FT";"IE0";568.6
"TOTAL";"THS";"F";"FT";"IE01";132.7
"TOTAL";"THS";"F";"FT";"IE02";435.9
"TOTAL";"THS";"F";"FT";"IT";6325.6
"TOTAL";"THS";"F";"FT";"ITC";1987
"TOTAL";"THS";"F";"FT";"ITC1";543.1
"TOTAL";"THS";"F";"FT";"ITC2";18
"TOTAL";"THS";"F";"FT";"ITC3";174
"TOTAL";"THS";"F";"FT";"ITC4";1251.8
"TOTAL";"THS";"F";"FT";"ITF";1024.9
"TOTAL";"THS";"F";"FT";"ITF1";130.4
"TOTAL";"THS";"F";"FT";"ITF2";28.2
"TOTAL";"THS";"F";"FT";"ITF3";399
"TOTAL";"THS";"F";"FT";"ITF4";282
"TOTAL";"THS";"F";"FT";"ITF5";49.3
"TOTAL";"THS";"F";"FT";"ITF6";135.9
"TOTAL";"THS";"F";"FT";"ITG";452.2
"TOTAL";"THS";"F";"FT";"ITG1";310.3
"TOTAL";"THS";"F";"FT";"ITG2";141.9
"TOTAL";"THS";"F";"FT";"ITH";1417
"TOTAL";"THS";"F";"FT";"ITH1";60.9
"TOTAL";"THS";"F";"FT";"ITH2";60
"TOTAL";"THS";"F";"FT";"ITH3";568.3
"TOTAL";"THS";"F";"FT";"ITH4";139.4
"TOTAL";"THS";"F";"FT";"ITH5";588.4
"TOTAL";"THS";"F";"FT";"ITI";1444.5
"TOTAL";"THS";"F";"FT";"ITI1";478.9
"TOTAL";"THS";"F";"FT";"ITI2";102.3
"TOTAL";"THS";"F";"FT";"ITI3";185
"TOTAL";"THS";"F";"FT";"ITI4";678.3
"TOTAL";"THS";"F";"FT";"LT";597.1
"TOTAL";"THS";"F";"FT";"LT0";597.1
"TOTAL";"THS";"F";"FT";"LT00";597.1
"TOTAL";"THS";"F";"FT";"LU";70
"TOTAL";"THS";"F";"FT";"LU0";70
"TOTAL";"THS";"F";"FT";"LU00";70
"TOTAL";"THS";"F";"FT";"LV";402.9
"TOTAL";"THS";"F";"FT";"LV0";402.9
"TOTAL";"THS";"F";"FT";"LV00";402.9
"TOTAL";"THS";"F";"FT";"MT";49.3
"TOTAL";"THS";"F";"FT";"MT0";49.3
"TOTAL";"THS";"F";"FT";"MT00";49.3
"TOTAL";"THS";"F";"FT";"NL";872.2
"TOTAL";"THS";"F";"FT";"NL1";67.6
"TOTAL";"THS";"F";"FT";"NL11";25.6
"TOTAL";"THS";"F";"FT";"NL12";24.2
"TOTAL";"THS";"F";"FT";"NL13";17.8
"TOTAL";"THS";"F";"FT";"NL2";158.6
"TOTAL";"THS";"F";"FT";"NL21";46.8
"TOTAL";"THS";"F";"FT";"NL22";89.1
"TOTAL";"THS";"F";"FT";"NL23";22.6
"TOTAL";"THS";"F";"FT";"NL3";468.7
"TOTAL";"THS";"F";"FT";"NL31";76
"TOTAL";"THS";"F";"FT";"NL32";173.2
"TOTAL";"THS";"F";"FT";"NL33";204
"TOTAL";"THS";"F";"FT";"NL34";15.6
"TOTAL";"THS";"F";"FT";"NL4";177.2
"TOTAL";"THS";"F";"FT";"NL41";125.4
"TOTAL";"THS";"F";"FT";"NL42";51.9
"TOTAL";"THS";"F";"FT";"PL";6299.5
"TOTAL";"THS";"F";"FT";"PL1";1602.8
"TOTAL";"THS";"F";"FT";"PL11";523.3
"TOTAL";"THS";"F";"FT";"PL12";1079.5
"TOTAL";"THS";"F";"FT";"PL2";1239
"TOTAL";"THS";"F";"FT";"PL21";513.2
"TOTAL";"THS";"F";"FT";"PL22";725.7
"TOTAL";"THS";"F";"FT";"PL3";1098.1
"TOTAL";"THS";"F";"FT";"PL31";388.3
"TOTAL";"THS";"F";"FT";"PL32";287.5
"TOTAL";"THS";"F";"FT";"PL33";231.2
"TOTAL";"THS";"F";"FT";"PL34";191.1
"TOTAL";"THS";"F";"FT";"PL4";907.7
"TOTAL";"THS";"F";"FT";"PL41";515.6
"TOTAL";"THS";"F";"FT";"PL42";230.1
"TOTAL";"THS";"F";"FT";"PL43";161.9
"TOTAL";"THS";"F";"FT";"PL5";583.2
"TOTAL";"THS";"F";"FT";"PL51";439.5
"TOTAL";"THS";"F";"FT";"PL52";143.7
"TOTAL";"THS";"F";"FT";"PL6";868.8
"TOTAL";"THS";"F";"FT";"PL61";304.2
"TOTAL";"THS";"F";"FT";"PL62";213.5
"TOTAL";"THS";"F";"FT";"PL63";351.1
"TOTAL";"THS";"F";"FT";"PT";1857.5
"TOTAL";"THS";"F";"FT";"PT1";1773.6
"TOTAL";"THS";"F";"FT";"PT11";628.2
"TOTAL";"THS";"F";"FT";"PT15";83.2
"TOTAL";"THS";"F";"FT";"PT16";410.7
"TOTAL";"THS";"F";"FT";"PT17";523
"TOTAL";"THS";"F";"FT";"PT18";128.5
"TOTAL";"THS";"F";"FT";"PT2";38.8
"TOTAL";"THS";"F";"FT";"PT20";38.8
"TOTAL";"THS";"F";"FT";"PT3";45.1
"TOTAL";"THS";"F";"FT";"PT30";45.1
"TOTAL";"THS";"F";"FT";"RO";3351.3
"TOTAL";"THS";"F";"FT";"RO1";824.6
"TOTAL";"THS";"F";"FT";"RO11";473.6
"TOTAL";"THS";"F";"FT";"RO12";351
"TOTAL";"THS";"F";"FT";"RO2";889.6
"TOTAL";"THS";"F";"FT";"RO21";570.5
"TOTAL";"THS";"F";"FT";"RO22";319.1
"TOTAL";"THS";"F";"FT";"RO3";933.8
"TOTAL";"THS";"F";"FT";"RO31";449.3
"TOTAL";"THS";"F";"FT";"RO32";484.5
"TOTAL";"THS";"F";"FT";"RO4";703.2
"TOTAL";"THS";"F";"FT";"RO41";396
"TOTAL";"THS";"F";"FT";"RO42";307.2
"TOTAL";"THS";"F";"FT";"SE";1399.2
"TOTAL";"THS";"F";"FT";"SE1";603.5
"TOTAL";"THS";"F";"FT";"SE11";383.2
"TOTAL";"THS";"F";"FT";"SE12";220.3
"TOTAL";"THS";"F";"FT";"SE2";567.9
"TOTAL";"THS";"F";"FT";"SE21";105
"TOTAL";"THS";"F";"FT";"SE22";189.1
"TOTAL";"THS";"F";"FT";"SE23";273.7
"TOTAL";"THS";"F";"FT";"SE3";227.8
"TOTAL";"THS";"F";"FT";"SE31";109.1
"TOTAL";"THS";"F";"FT";"SE32";48.4
"TOTAL";"THS";"F";"FT";"SE33";70.4
"TOTAL";"THS";"F";"FT";"SI";355.3
"TOTAL";"THS";"F";"FT";"SI0";355.3
"TOTAL";"THS";"F";"FT";"SI03";182.9
"TOTAL";"THS";"F";"FT";"SI04";172.4
"TOTAL";"THS";"F";"FT";"SK";974.1
"TOTAL";"THS";"F";"FT";"SK0";974.1
"TOTAL";"THS";"F";"FT";"SK01";137.5
"TOTAL";"THS";"F";"FT";"SK02";349.6
"TOTAL";"THS";"F";"FT";"SK03";230
"TOTAL";"THS";"F";"FT";"SK04";257.1
"TOTAL";"THS";"F";"FT";"UK";8232.1
"TOTAL";"THS";"F";"FT";"UKC";318.1
"TOTAL";"THS";"F";"FT";"UKC1";146.6
"TOTAL";"THS";"F";"FT";"UKC2";171.5
"TOTAL";"THS";"F";"FT";"UKD";919.5
"TOTAL";"THS";"F";"FT";"UKD1";61
"TOTAL";"THS";"F";"FT";"UKD3";361.3
"TOTAL";"THS";"F";"FT";"UKD4";184.2
"TOTAL";"THS";"F";"FT";"UKD6";120.1
"TOTAL";"THS";"F";"FT";"UKD7";192.9
"TOTAL";"THS";"F";"FT";"UKE";633.5
"TOTAL";"THS";"F";"FT";"UKE1";96.8
"TOTAL";"THS";"F";"FT";"UKE2";96.3
"TOTAL";"THS";"F";"FT";"UKE3";169.6
"TOTAL";"THS";"F";"FT";"UKE4";270.9
"TOTAL";"THS";"F";"FT";"UKF";577.4
"TOTAL";"THS";"F";"FT";"UKF1";259.3
"TOTAL";"THS";"F";"FT";"UKF2";220.3
"TOTAL";"THS";"F";"FT";"UKF3";97.8
"TOTAL";"THS";"F";"FT";"UKG";669.5
"TOTAL";"THS";"F";"FT";"UKG1";160.1
"TOTAL";"THS";"F";"FT";"UKG2";191.6
"TOTAL";"THS";"F";"FT";"UKG3";317.8
"TOTAL";"THS";"F";"FT";"UKH";756
"TOTAL";"THS";"F";"FT";"UKH1";300.4
"TOTAL";"THS";"F";"FT";"UKH2";246
"TOTAL";"THS";"F";"FT";"UKH3";209.7
"TOTAL";"THS";"F";"FT";"UKI";1273.4
"TOTAL";"THS";"F";"FT";"UKI3";191.4
"TOTAL";"THS";"F";"FT";"UKI4";360.7
"TOTAL";"THS";"F";"FT";"UKI5";233.1
"TOTAL";"THS";"F";"FT";"UKI6";196.4
"TOTAL";"THS";"F";"FT";"UKI7";291.8
"TOTAL";"THS";"F";"FT";"UKJ";1128.8
"TOTAL";"THS";"F";"FT";"UKJ1";318.8
"TOTAL";"THS";"F";"FT";"UKJ2";339.8
"TOTAL";"THS";"F";"FT";"UKJ3";251.8
"TOTAL";"THS";"F";"FT";"UKJ4";218.4
"TOTAL";"THS";"F";"FT";"UKK";642.9
"TOTAL";"THS";"F";"FT";"UKK1";303.4
"TOTAL";"THS";"F";"FT";"UKK2";150.1
"TOTAL";"THS";"F";"FT";"UKK3";65.5
"TOTAL";"THS";"F";"FT";"UKK4";123.9
"TOTAL";"THS";"F";"FT";"UKL";368
"TOTAL";"THS";"F";"FT";"UKL1";231.1
"TOTAL";"THS";"F";"FT";"UKL2";136.9
"TOTAL";"THS";"F";"FT";"UKM";711.2
"TOTAL";"THS";"F";"FT";"UKM2";287.3
"TOTAL";"THS";"F";"FT";"UKM3";282.6
"TOTAL";"THS";"F";"FT";"UKM5";71
"TOTAL";"THS";"F";"FT";"UKM6";70.2
"TOTAL";"THS";"F";"FT";"UKN";233.8
"TOTAL";"THS";"F";"FT";"UKN0";233.8
"TOTAL";"THS";"F";"PT";"AT";908.5
"TOTAL";"THS";"F";"PT";"AT1";356.1
"TOTAL";"THS";"F";"PT";"AT11";26.5
"TOTAL";"THS";"F";"PT";"AT12";169.8
"TOTAL";"THS";"F";"PT";"AT13";159.8
"TOTAL";"THS";"F";"PT";"AT2";189.2
"TOTAL";"THS";"F";"PT";"AT21";57
"TOTAL";"THS";"F";"PT";"AT22";132.2
"TOTAL";"THS";"F";"PT";"AT3";363.2
"TOTAL";"THS";"F";"PT";"AT31";167.9
"TOTAL";"THS";"F";"PT";"AT32";62.2
"TOTAL";"THS";"F";"PT";"AT33";87.7
"TOTAL";"THS";"F";"PT";"AT34";45.5
"TOTAL";"THS";"F";"PT";"BE";872.1
"TOTAL";"THS";"F";"PT";"BE1";62
"TOTAL";"THS";"F";"PT";"BE10";62
"TOTAL";"THS";"F";"PT";"BE2";550.8
"TOTAL";"THS";"F";"PT";"BE21";146.6
"TOTAL";"THS";"F";"PT";"BE22";85.1
"TOTAL";"THS";"F";"PT";"BE23";122.5
"TOTAL";"THS";"F";"PT";"BE24";93.2
"TOTAL";"THS";"F";"PT";"BE25";103.4
"TOTAL";"THS";"F";"PT";"BE3";259.3
"TOTAL";"THS";"F";"PT";"BE31";28.8
"TOTAL";"THS";"F";"PT";"BE32";83.5
"TOTAL";"THS";"F";"PT";"BE33";82
"TOTAL";"THS";"F";"PT";"BE34";25.1
"TOTAL";"THS";"F";"PT";"BE35";39.9
"TOTAL";"THS";"F";"PT";"BG";42.9
"TOTAL";"THS";"F";"PT";"BG3";20.6
"TOTAL";"THS";"F";"PT";"BG31";4.6
"TOTAL";"THS";"F";"PT";"BG32";5.1
"TOTAL";"THS";"F";"PT";"BG33";6.9
"TOTAL";"THS";"F";"PT";"BG34";4.1
"TOTAL";"THS";"F";"PT";"BG4";22.2
"TOTAL";"THS";"F";"PT";"BG41";12.7
"TOTAL";"THS";"F";"PT";"BG42";9.6
"TOTAL";"THS";"F";"PT";"CY";30.6
"TOTAL";"THS";"F";"PT";"CY0";30.6
"TOTAL";"THS";"F";"PT";"CY00";30.6
"TOTAL";"THS";"F";"PT";"CZ";224.8
"TOTAL";"THS";"F";"PT";"CZ0";224.8
"TOTAL";"THS";"F";"PT";"CZ01";43.5
"TOTAL";"THS";"F";"PT";"CZ02";24.3
"TOTAL";"THS";"F";"PT";"CZ03";22.5
"TOTAL";"THS";"F";"PT";"CZ04";15.5
"TOTAL";"THS";"F";"PT";"CZ05";30.1
"TOTAL";"THS";"F";"PT";"CZ06";40.3
"TOTAL";"THS";"F";"PT";"CZ07";22.8
"TOTAL";"THS";"F";"PT";"CZ08";25.7
"TOTAL";"THS";"F";"PT";"DE";8722.9
"TOTAL";"THS";"F";"PT";"DE1";1308.5
"TOTAL";"THS";"F";"PT";"DE11";471
"TOTAL";"THS";"F";"PT";"DE12";325.9
"TOTAL";"THS";"F";"PT";"DE13";283.2
"TOTAL";"THS";"F";"PT";"DE14";228.4
"TOTAL";"THS";"F";"PT";"DE2";1485.9
"TOTAL";"THS";"F";"PT";"DE21";504.1
"TOTAL";"THS";"F";"PT";"DE22";151.8
"TOTAL";"THS";"F";"PT";"DE23";129
"TOTAL";"THS";"F";"PT";"DE24";133
"TOTAL";"THS";"F";"PT";"DE25";194.6
"TOTAL";"THS";"F";"PT";"DE26";165
"TOTAL";"THS";"F";"PT";"DE27";208.4
"TOTAL";"THS";"F";"PT";"DE3";290.7
"TOTAL";"THS";"F";"PT";"DE30";290.7
"TOTAL";"THS";"F";"PT";"DE4";205.2
"TOTAL";"THS";"F";"PT";"DE40";205.2
"TOTAL";"THS";"F";"PT";"DE5";71.5
"TOTAL";"THS";"F";"PT";"DE50";71.5
"TOTAL";"THS";"F";"PT";"DE6";174.3
"TOTAL";"THS";"F";"PT";"DE60";174.3
"TOTAL";"THS";"F";"PT";"DE7";666.2
"TOTAL";"THS";"F";"PT";"DE71";397.8
"TOTAL";"THS";"F";"PT";"DE72";125.1
"TOTAL";"THS";"F";"PT";"DE73";143.4
"TOTAL";"THS";"F";"PT";"DE8";142.8
"TOTAL";"THS";"F";"PT";"DE80";142.8
"TOTAL";"THS";"F";"PT";"DE9";877.8
"TOTAL";"THS";"F";"PT";"DE91";162
"TOTAL";"THS";"F";"PT";"DE92";226.1
"TOTAL";"THS";"F";"PT";"DE93";198.5
"TOTAL";"THS";"F";"PT";"DE94";291.2
"TOTAL";"THS";"F";"PT";"DEA";1874.2
"TOTAL";"THS";"F";"PT";"DEA1";518.8
"TOTAL";"THS";"F";"PT";"DEA2";436.4
"TOTAL";"THS";"F";"PT";"DEA3";299.4
"TOTAL";"THS";"F";"PT";"DEA4";233.3
"TOTAL";"THS";"F";"PT";"DEA5";386.3
"TOTAL";"THS";"F";"PT";"DEB";463.1
"TOTAL";"THS";"F";"PT";"DEB1";165.7
"TOTAL";"THS";"F";"PT";"DEB2";66.9
"TOTAL";"THS";"F";"PT";"DEB3";230.6
"TOTAL";"THS";"F";"PT";"DEC";98.5
"TOTAL";"THS";"F";"PT";"DEC0";98.5
"TOTAL";"THS";"F";"PT";"DED";368
"TOTAL";"THS";"F";"PT";"DED2";146.4
"TOTAL";"THS";"F";"PT";"DED4";135.1
"TOTAL";"THS";"F";"PT";"DED5";86.5
"TOTAL";"THS";"F";"PT";"DEE";186.4
"TOTAL";"THS";"F";"PT";"DEE0";186.4
"TOTAL";"THS";"F";"PT";"DEF";316.5
"TOTAL";"THS";"F";"PT";"DEF0";316.5
"TOTAL";"THS";"F";"PT";"DEG";193.2
"TOTAL";"THS";"F";"PT";"DEG0";193.2
"TOTAL";"THS";"F";"PT";"DK";457.4
"TOTAL";"THS";"F";"PT";"DK0";457.4
"TOTAL";"THS";"F";"PT";"DK01";146.9
"TOTAL";"THS";"F";"PT";"DK02";59.1
"TOTAL";"THS";"F";"PT";"DK03";97
"TOTAL";"THS";"F";"PT";"DK04";109.4
"TOTAL";"THS";"F";"PT";"DK05";44.9
"TOTAL";"THS";"F";"PT";"EE";39
"TOTAL";"THS";"F";"PT";"EE0";39
"TOTAL";"THS";"F";"PT";"EE00";39
"TOTAL";"THS";"F";"PT";"EL";195.8
"TOTAL";"THS";"F";"PT";"EL3";79.2
"TOTAL";"THS";"F";"PT";"EL30";79.2
"TOTAL";"THS";"F";"PT";"EL4";16.5
"TOTAL";"THS";"F";"PT";"EL41";1.9
"TOTAL";"THS";"F";"PT";"EL42";3.1
"TOTAL";"THS";"F";"PT";"EL43";11.4
"TOTAL";"THS";"F";"PT";"EL5";48.7
"TOTAL";"THS";"F";"PT";"EL51";7.8
"TOTAL";"THS";"F";"PT";"EL52";30.8
"TOTAL";"THS";"F";"PT";"EL53";5
"TOTAL";"THS";"F";"PT";"EL54";5
"TOTAL";"THS";"F";"PT";"EL6";51.5
"TOTAL";"THS";"F";"PT";"EL61";22.6
"TOTAL";"THS";"F";"PT";"EL62";1.9
"TOTAL";"THS";"F";"PT";"EL63";7.1
"TOTAL";"THS";"F";"PT";"EL64";8.2
"TOTAL";"THS";"F";"PT";"EL65";11.6
"TOTAL";"THS";"F";"PT";"ES";2021.6
"TOTAL";"THS";"F";"PT";"ES1";169.2
"TOTAL";"THS";"F";"PT";"ES11";107
"TOTAL";"THS";"F";"PT";"ES12";37.9
"TOTAL";"THS";"F";"PT";"ES13";24.3
"TOTAL";"THS";"F";"PT";"ES2";238.6
"TOTAL";"THS";"F";"PT";"ES21";124.7
"TOTAL";"THS";"F";"PT";"ES22";37.7
"TOTAL";"THS";"F";"PT";"ES23";16.4
"TOTAL";"THS";"F";"PT";"ES24";59.9
"TOTAL";"THS";"F";"PT";"ES3";269.9
"TOTAL";"THS";"F";"PT";"ES30";269.9
"TOTAL";"THS";"F";"PT";"ES4";225.8
"TOTAL";"THS";"F";"PT";"ES41";112.4
"TOTAL";"THS";"F";"PT";"ES42";73.3
"TOTAL";"THS";"F";"PT";"ES43";40.2
"TOTAL";"THS";"F";"PT";"ES5";634.1
"TOTAL";"THS";"F";"PT";"ES51";337.4
"TOTAL";"THS";"F";"PT";"ES52";246.9
"TOTAL";"THS";"F";"PT";"ES53";49.8
"TOTAL";"THS";"F";"PT";"ES6";406.1
"TOTAL";"THS";"F";"PT";"ES61";337.8
"TOTAL";"THS";"F";"PT";"ES62";64.6
"TOTAL";"THS";"F";"PT";"ES63";1.6
"TOTAL";"THS";"F";"PT";"ES64";2.1
"TOTAL";"THS";"F";"PT";"ES7";77.8
"TOTAL";"THS";"F";"PT";"ES70";77.8
"TOTAL";"THS";"F";"PT";"FI";240.6
"TOTAL";"THS";"F";"PT";"FI1";238.6
"TOTAL";"THS";"F";"PT";"FI19";62.9
"TOTAL";"THS";"F";"PT";"FI1B";73.6
"TOTAL";"THS";"F";"PT";"FI1C";49.3
"TOTAL";"THS";"F";"PT";"FI1D";52.9
"TOTAL";"THS";"F";"PT";"FI2";NA
"TOTAL";"THS";"F";"PT";"FI20";NA
"TOTAL";"THS";"F";"PT";"FR";3923.8
"TOTAL";"THS";"F";"PT";"FR1";593.8
"TOTAL";"THS";"F";"PT";"FR10";593.8
"TOTAL";"THS";"F";"PT";"FR2";620.3
"TOTAL";"THS";"F";"PT";"FR21";81
"TOTAL";"THS";"F";"PT";"FR22";104.5
"TOTAL";"THS";"F";"PT";"FR23";105.9
"TOTAL";"THS";"F";"PT";"FR24";149.3
"TOTAL";"THS";"F";"PT";"FR25";91.6
"TOTAL";"THS";"F";"PT";"FR26";88
"TOTAL";"THS";"F";"PT";"FR3";230.6
"TOTAL";"THS";"F";"PT";"FR30";230.6
"TOTAL";"THS";"F";"PT";"FR4";345.6
"TOTAL";"THS";"F";"PT";"FR41";151.9
"TOTAL";"THS";"F";"PT";"FR42";121.4
"TOTAL";"THS";"F";"PT";"FR43";72.3
"TOTAL";"THS";"F";"PT";"FR5";581.6
"TOTAL";"THS";"F";"PT";"FR51";255.5
"TOTAL";"THS";"F";"PT";"FR52";223.9
"TOTAL";"THS";"F";"PT";"FR53";102.3
"TOTAL";"THS";"F";"PT";"FR6";434.5
"TOTAL";"THS";"F";"PT";"FR61";210.4
"TOTAL";"THS";"F";"PT";"FR62";182.2
"TOTAL";"THS";"F";"PT";"FR63";41.8
"TOTAL";"THS";"F";"PT";"FR7";524.8
"TOTAL";"THS";"F";"PT";"FR71";447.3
"TOTAL";"THS";"F";"PT";"FR72";77.5
"TOTAL";"THS";"F";"PT";"FR8";502.4
"TOTAL";"THS";"F";"PT";"FR81";178.5
"TOTAL";"THS";"F";"PT";"FR82";314.8
"TOTAL";"THS";"F";"PT";"FR83";9.1
"TOTAL";"THS";"F";"PT";"FRA";90.2
"TOTAL";"THS";"F";"PT";"FRA1";16.9
"TOTAL";"THS";"F";"PT";"FRA2";18
"TOTAL";"THS";"F";"PT";"FRA3";6.8
"TOTAL";"THS";"F";"PT";"FRA4";44.1
"TOTAL";"THS";"F";"PT";"FRA5";4.3
"TOTAL";"THS";"F";"PT";"HR";55.6
"TOTAL";"THS";"F";"PT";"HR0";55.6
"TOTAL";"THS";"F";"PT";"HR03";14.6
"TOTAL";"THS";"F";"PT";"HR04";41
"TOTAL";"THS";"F";"PT";"HU";162.3
"TOTAL";"THS";"F";"PT";"HU1";54.6
"TOTAL";"THS";"F";"PT";"HU10";54.6
"TOTAL";"THS";"F";"PT";"HU2";43.6
"TOTAL";"THS";"F";"PT";"HU21";12.1
"TOTAL";"THS";"F";"PT";"HU22";13.4
"TOTAL";"THS";"F";"PT";"HU23";18.1
"TOTAL";"THS";"F";"PT";"HU3";64.1
"TOTAL";"THS";"F";"PT";"HU31";14.3
"TOTAL";"THS";"F";"PT";"HU32";24.8
"TOTAL";"THS";"F";"PT";"HU33";25
"TOTAL";"THS";"F";"PT";"IE";306.2
"TOTAL";"THS";"F";"PT";"IE0";306.2
"TOTAL";"THS";"F";"PT";"IE01";80.8
"TOTAL";"THS";"F";"PT";"IE02";225.4
"TOTAL";"THS";"F";"PT";"IT";3008
"TOTAL";"THS";"F";"PT";"ITC";945.7
"TOTAL";"THS";"F";"PT";"ITC1";245.7
"TOTAL";"THS";"F";"PT";"ITC2";7.1
"TOTAL";"THS";"F";"PT";"ITC3";93.6
"TOTAL";"THS";"F";"PT";"ITC4";599.3
"TOTAL";"THS";"F";"PT";"ITF";416.8
"TOTAL";"THS";"F";"PT";"ITF1";59.4
"TOTAL";"THS";"F";"PT";"ITF2";11.8
"TOTAL";"THS";"F";"PT";"ITF3";152.2
"TOTAL";"THS";"F";"PT";"ITF4";119.5
"TOTAL";"THS";"F";"PT";"ITF5";18.2
"TOTAL";"THS";"F";"PT";"ITF6";55.8
"TOTAL";"THS";"F";"PT";"ITG";240.2
"TOTAL";"THS";"F";"PT";"ITG1";156.5
"TOTAL";"THS";"F";"PT";"ITG2";83.7
"TOTAL";"THS";"F";"PT";"ITH";724
"TOTAL";"THS";"F";"PT";"ITH1";48
"TOTAL";"THS";"F";"PT";"ITH2";41.4
"TOTAL";"THS";"F";"PT";"ITH3";301.1
"TOTAL";"THS";"F";"PT";"ITH4";75.1
"TOTAL";"THS";"F";"PT";"ITH5";258.4
"TOTAL";"THS";"F";"PT";"ITI";681.3
"TOTAL";"THS";"F";"PT";"ITI1";206.9
"TOTAL";"THS";"F";"PT";"ITI2";52.1
"TOTAL";"THS";"F";"PT";"ITI3";89.3
"TOTAL";"THS";"F";"PT";"ITI4";333
"TOTAL";"THS";"F";"PT";"LT";74.8
"TOTAL";"THS";"F";"PT";"LT0";74.8
"TOTAL";"THS";"F";"PT";"LT00";74.8
"TOTAL";"THS";"F";"PT";"LU";38.9
"TOTAL";"THS";"F";"PT";"LU0";38.9
"TOTAL";"THS";"F";"PT";"LU00";38.9
"TOTAL";"THS";"F";"PT";"LV";42.8
"TOTAL";"THS";"F";"PT";"LV0";42.8
"TOTAL";"THS";"F";"PT";"LV00";42.8
"TOTAL";"THS";"F";"PT";"MT";20.5
"TOTAL";"THS";"F";"PT";"MT0";20.5
"TOTAL";"THS";"F";"PT";"MT00";20.5
"TOTAL";"THS";"F";"PT";"NL";2904.2
"TOTAL";"THS";"F";"PT";"NL1";302.7
"TOTAL";"THS";"F";"PT";"NL11";100.8
"TOTAL";"THS";"F";"PT";"NL12";115.7
"TOTAL";"THS";"F";"PT";"NL13";86.2
"TOTAL";"THS";"F";"PT";"NL2";643.2
"TOTAL";"THS";"F";"PT";"NL21";205.8
"TOTAL";"THS";"F";"PT";"NL22";371.8
"TOTAL";"THS";"F";"PT";"NL23";65.5
"TOTAL";"THS";"F";"PT";"NL3";1346
"TOTAL";"THS";"F";"PT";"NL31";227.5
"TOTAL";"THS";"F";"PT";"NL32";472
"TOTAL";"THS";"F";"PT";"NL33";578.8
"TOTAL";"THS";"F";"PT";"NL34";67.7
"TOTAL";"THS";"F";"PT";"NL4";612.4
"TOTAL";"THS";"F";"PT";"NL41";430.6
"TOTAL";"THS";"F";"PT";"NL42";181.8
"TOTAL";"THS";"F";"PT";"PL";784.3
"TOTAL";"THS";"F";"PT";"PL1";179.8
"TOTAL";"THS";"F";"PT";"PL11";58.2
"TOTAL";"THS";"F";"PT";"PL12";121.6
"TOTAL";"THS";"F";"PT";"PL2";184.3
"TOTAL";"THS";"F";"PT";"PL21";76.8
"TOTAL";"THS";"F";"PT";"PL22";107.5
"TOTAL";"THS";"F";"PT";"PL3";151
"TOTAL";"THS";"F";"PT";"PL31";57.6
"TOTAL";"THS";"F";"PT";"PL32";49.1
"TOTAL";"THS";"F";"PT";"PL33";25.3
"TOTAL";"THS";"F";"PT";"PL34";19
"TOTAL";"THS";"F";"PT";"PL4";101.4
"TOTAL";"THS";"F";"PT";"PL41";56.7
"TOTAL";"THS";"F";"PT";"PL42";28.4
"TOTAL";"THS";"F";"PT";"PL43";16.3
"TOTAL";"THS";"F";"PT";"PL5";70
"TOTAL";"THS";"F";"PT";"PL51";50.9
"TOTAL";"THS";"F";"PT";"PL52";19.1
"TOTAL";"THS";"F";"PT";"PL6";97.7
"TOTAL";"THS";"F";"PT";"PL61";36.2
"TOTAL";"THS";"F";"PT";"PL62";17.6
"TOTAL";"THS";"F";"PT";"PL63";43.9
"TOTAL";"THS";"F";"PT";"PT";322.5
"TOTAL";"THS";"F";"PT";"PT1";305.1
"TOTAL";"THS";"F";"PT";"PT11";112.1
"TOTAL";"THS";"F";"PT";"PT15";11.8
"TOTAL";"THS";"F";"PT";"PT16";88.8
"TOTAL";"THS";"F";"PT";"PT17";77.7
"TOTAL";"THS";"F";"PT";"PT18";14.6
"TOTAL";"THS";"F";"PT";"PT2";6.5
"TOTAL";"THS";"F";"PT";"PT20";6.5
"TOTAL";"THS";"F";"PT";"PT3";11
"TOTAL";"THS";"F";"PT";"PT30";11
"TOTAL";"THS";"F";"PT";"RO";418.6
"TOTAL";"THS";"F";"PT";"RO1";69.8
"TOTAL";"THS";"F";"PT";"RO11";47.9
"TOTAL";"THS";"F";"PT";"RO12";22
"TOTAL";"THS";"F";"PT";"RO2";191.5
"TOTAL";"THS";"F";"PT";"RO21";139.7
"TOTAL";"THS";"F";"PT";"RO22";51.8
"TOTAL";"THS";"F";"PT";"RO3";130.9
"TOTAL";"THS";"F";"PT";"RO31";118.9
"TOTAL";"THS";"F";"PT";"RO32";12
"TOTAL";"THS";"F";"PT";"RO4";26.4
"TOTAL";"THS";"F";"PT";"RO41";14.4
"TOTAL";"THS";"F";"PT";"RO42";12
"TOTAL";"THS";"F";"PT";"SE";868.8
"TOTAL";"THS";"F";"PT";"SE1";317.9
"TOTAL";"THS";"F";"PT";"SE11";176.1
"TOTAL";"THS";"F";"PT";"SE12";141.8
"TOTAL";"THS";"F";"PT";"SE2";404.9
"TOTAL";"THS";"F";"PT";"SE21";83.7
"TOTAL";"THS";"F";"PT";"SE22";133.8
"TOTAL";"THS";"F";"PT";"SE23";187.4
"TOTAL";"THS";"F";"PT";"SE3";146
"TOTAL";"THS";"F";"PT";"SE31";69.6
"TOTAL";"THS";"F";"PT";"SE32";32.9
"TOTAL";"THS";"F";"PT";"SE33";43.5
"TOTAL";"THS";"F";"PT";"SI";62.2
"TOTAL";"THS";"F";"PT";"SI0";62.2
"TOTAL";"THS";"F";"PT";"SI03";31.1
"TOTAL";"THS";"F";"PT";"SI04";31.1
"TOTAL";"THS";"F";"PT";"SK";72.5
"TOTAL";"THS";"F";"PT";"SK0";72.5
"TOTAL";"THS";"F";"PT";"SK01";11.1
"TOTAL";"THS";"F";"PT";"SK02";21.8
"TOTAL";"THS";"F";"PT";"SK03";19.6
"TOTAL";"THS";"F";"PT";"SK04";20.1
"TOTAL";"THS";"F";"PT";"UK";6086.1
"TOTAL";"THS";"F";"PT";"UKC";239.8
"TOTAL";"THS";"F";"PT";"UKC1";100.9
"TOTAL";"THS";"F";"PT";"UKC2";138.9
"TOTAL";"THS";"F";"PT";"UKD";607.7
"TOTAL";"THS";"F";"PT";"UKD1";49.1
"TOTAL";"THS";"F";"PT";"UKD3";220.9
"TOTAL";"THS";"F";"PT";"UKD4";123.7
"TOTAL";"THS";"F";"PT";"UKD6";89.7
"TOTAL";"THS";"F";"PT";"UKD7";124.2
"TOTAL";"THS";"F";"PT";"UKE";513.3
"TOTAL";"THS";"F";"PT";"UKE1";94.1
"TOTAL";"THS";"F";"PT";"UKE2";87.7
"TOTAL";"THS";"F";"PT";"UKE3";127.9
"TOTAL";"THS";"F";"PT";"UKE4";203.6
"TOTAL";"THS";"F";"PT";"UKF";451.5
"TOTAL";"THS";"F";"PT";"UKF1";208.2
"TOTAL";"THS";"F";"PT";"UKF2";171.1
"TOTAL";"THS";"F";"PT";"UKF3";72.1
"TOTAL";"THS";"F";"PT";"UKG";510.2
"TOTAL";"THS";"F";"PT";"UKG1";137.5
"TOTAL";"THS";"F";"PT";"UKG2";154.2
"TOTAL";"THS";"F";"PT";"UKG3";218.6
"TOTAL";"THS";"F";"PT";"UKH";617.8
"TOTAL";"THS";"F";"PT";"UKH1";267
"TOTAL";"THS";"F";"PT";"UKH2";184.7
"TOTAL";"THS";"F";"PT";"UKH3";166.1
"TOTAL";"THS";"F";"PT";"UKI";642.3
"TOTAL";"THS";"F";"PT";"UKI3";79.3
"TOTAL";"THS";"F";"PT";"UKI4";160.6
"TOTAL";"THS";"F";"PT";"UKI5";137.6
"TOTAL";"THS";"F";"PT";"UKI6";99.7
"TOTAL";"THS";"F";"PT";"UKI7";165.2
"TOTAL";"THS";"F";"PT";"UKJ";923.5
"TOTAL";"THS";"F";"PT";"UKJ1";240.5
"TOTAL";"THS";"F";"PT";"UKJ2";291.7
"TOTAL";"THS";"F";"PT";"UKJ3";213.5
"TOTAL";"THS";"F";"PT";"UKJ4";177.8
"TOTAL";"THS";"F";"PT";"UKK";595.4
"TOTAL";"THS";"F";"PT";"UKK1";262.4
"TOTAL";"THS";"F";"PT";"UKK2";141.5
"TOTAL";"THS";"F";"PT";"UKK3";58.5
"TOTAL";"THS";"F";"PT";"UKK4";133
"TOTAL";"THS";"F";"PT";"UKL";280.4
"TOTAL";"THS";"F";"PT";"UKL1";172.6
"TOTAL";"THS";"F";"PT";"UKL2";107.8
"TOTAL";"THS";"F";"PT";"UKM";553.9
"TOTAL";"THS";"F";"PT";"UKM2";203.1
"TOTAL";"THS";"F";"PT";"UKM3";224.9
"TOTAL";"THS";"F";"PT";"UKM5";49.5
"TOTAL";"THS";"F";"PT";"UKM6";76.3
"TOTAL";"THS";"F";"PT";"UKN";150.3
"TOTAL";"THS";"F";"PT";"UKN0";150.3
"TOTAL";"THS";"M";"FT";"AT";1937.2
"TOTAL";"THS";"M";"FT";"AT1";781
"TOTAL";"THS";"M";"FT";"AT11";66.6
"TOTAL";"THS";"M";"FT";"AT12";378.6
"TOTAL";"THS";"M";"FT";"AT13";335.8
"TOTAL";"THS";"M";"FT";"AT2";405.2
"TOTAL";"THS";"M";"FT";"AT21";124.3
"TOTAL";"THS";"M";"FT";"AT22";280.8
"TOTAL";"THS";"M";"FT";"AT3";751.1
"TOTAL";"THS";"M";"FT";"AT31";353
"TOTAL";"THS";"M";"FT";"AT32";127.6
"TOTAL";"THS";"M";"FT";"AT33";175.8
"TOTAL";"THS";"M";"FT";"AT34";94.7
"TOTAL";"THS";"M";"FT";"BE";2212.8
"TOTAL";"THS";"M";"FT";"BE1";203.8
"TOTAL";"THS";"M";"FT";"BE10";203.8
"TOTAL";"THS";"M";"FT";"BE2";1360
"TOTAL";"THS";"M";"FT";"BE21";378.8
"TOTAL";"THS";"M";"FT";"BE22";179.1
"TOTAL";"THS";"M";"FT";"BE23";323.2
"TOTAL";"THS";"M";"FT";"BE24";227.9
"TOTAL";"THS";"M";"FT";"BE25";251
"TOTAL";"THS";"M";"FT";"BE3";649.1
"TOTAL";"THS";"M";"FT";"BE31";76.6
"TOTAL";"THS";"M";"FT";"BE32";226.4
"TOTAL";"THS";"M";"FT";"BE33";195.2
"TOTAL";"THS";"M";"FT";"BE34";57.2
"TOTAL";"THS";"M";"FT";"BE35";93.6
"TOTAL";"THS";"M";"FT";"BG";1540.9
"TOTAL";"THS";"M";"FT";"BG3";736.7
"TOTAL";"THS";"M";"FT";"BG31";141.9
"TOTAL";"THS";"M";"FT";"BG32";167.4
"TOTAL";"THS";"M";"FT";"BG33";205.5
"TOTAL";"THS";"M";"FT";"BG34";221.8
"TOTAL";"THS";"M";"FT";"BG4";804.2
"TOTAL";"THS";"M";"FT";"BG41";491.3
"TOTAL";"THS";"M";"FT";"BG42";312.9
"TOTAL";"THS";"M";"FT";"CY";164.4
"TOTAL";"THS";"M";"FT";"CY0";164.4
"TOTAL";"THS";"M";"FT";"CY00";164.4
"TOTAL";"THS";"M";"FT";"CZ";2725.2
"TOTAL";"THS";"M";"FT";"CZ0";2725.2
"TOTAL";"THS";"M";"FT";"CZ01";336.6
"TOTAL";"THS";"M";"FT";"CZ02";351.4
"TOTAL";"THS";"M";"FT";"CZ03";323.2
"TOTAL";"THS";"M";"FT";"CZ04";285.7
"TOTAL";"THS";"M";"FT";"CZ05";386.8
"TOTAL";"THS";"M";"FT";"CZ06";433.3
"TOTAL";"THS";"M";"FT";"CZ07";307.1
"TOTAL";"THS";"M";"FT";"CZ08";301.2
"TOTAL";"THS";"M";"FT";"DE";19009
"TOTAL";"THS";"M";"FT";"DE1";2667
"TOTAL";"THS";"M";"FT";"DE11";1015.3
"TOTAL";"THS";"M";"FT";"DE12";659.2
"TOTAL";"THS";"M";"FT";"DE13";542.3
"TOTAL";"THS";"M";"FT";"DE14";450.2
"TOTAL";"THS";"M";"FT";"DE2";3260.6
"TOTAL";"THS";"M";"FT";"DE21";1162.3
"TOTAL";"THS";"M";"FT";"DE22";317.1
"TOTAL";"THS";"M";"FT";"DE23";286.4
"TOTAL";"THS";"M";"FT";"DE24";267
"TOTAL";"THS";"M";"FT";"DE25";423.8
"TOTAL";"THS";"M";"FT";"DE26";338.3
"TOTAL";"THS";"M";"FT";"DE27";465.5
"TOTAL";"THS";"M";"FT";"DE3";687.9
"TOTAL";"THS";"M";"FT";"DE30";687.9
"TOTAL";"THS";"M";"FT";"DE4";561.6
"TOTAL";"THS";"M";"FT";"DE40";561.6
"TOTAL";"THS";"M";"FT";"DE5";135.6
"TOTAL";"THS";"M";"FT";"DE50";135.6
"TOTAL";"THS";"M";"FT";"DE6";404.1
"TOTAL";"THS";"M";"FT";"DE60";404.1
"TOTAL";"THS";"M";"FT";"DE7";1412.6
"TOTAL";"THS";"M";"FT";"DE71";890
"TOTAL";"THS";"M";"FT";"DE72";237.6
"TOTAL";"THS";"M";"FT";"DE73";285
"TOTAL";"THS";"M";"FT";"DE8";341.1
"TOTAL";"THS";"M";"FT";"DE80";341.1
"TOTAL";"THS";"M";"FT";"DE9";1829.7
"TOTAL";"THS";"M";"FT";"DE91";354.4
"TOTAL";"THS";"M";"FT";"DE92";488.9
"TOTAL";"THS";"M";"FT";"DE93";397.1
"TOTAL";"THS";"M";"FT";"DE94";589.3
"TOTAL";"THS";"M";"FT";"DEA";3984.9
"TOTAL";"THS";"M";"FT";"DEA1";1135.1
"TOTAL";"THS";"M";"FT";"DEA2";970.9
"TOTAL";"THS";"M";"FT";"DEA3";593.1
"TOTAL";"THS";"M";"FT";"DEA4";481.2
"TOTAL";"THS";"M";"FT";"DEA5";804.6
"TOTAL";"THS";"M";"FT";"DEB";960.6
"TOTAL";"THS";"M";"FT";"DEB1";358.2
"TOTAL";"THS";"M";"FT";"DEB2";132.4
"TOTAL";"THS";"M";"FT";"DEB3";470.1
"TOTAL";"THS";"M";"FT";"DEC";223.8
"TOTAL";"THS";"M";"FT";"DEC0";223.8
"TOTAL";"THS";"M";"FT";"DED";905.8
"TOTAL";"THS";"M";"FT";"DED2";347.9
"TOTAL";"THS";"M";"FT";"DED4";338.2
"TOTAL";"THS";"M";"FT";"DED5";219.8
"TOTAL";"THS";"M";"FT";"DEE";500.7
"TOTAL";"THS";"M";"FT";"DEE0";500.7
"TOTAL";"THS";"M";"FT";"DEF";628.7
"TOTAL";"THS";"M";"FT";"DEF0";628.7
"TOTAL";"THS";"M";"FT";"DEG";504
"TOTAL";"THS";"M";"FT";"DEG0";504
"TOTAL";"THS";"M";"FT";"DK";1198.4
"TOTAL";"THS";"M";"FT";"DK0";1198.4
"TOTAL";"THS";"M";"FT";"DK01";375.3
"TOTAL";"THS";"M";"FT";"DK02";172
"TOTAL";"THS";"M";"FT";"DK03";248.4
"TOTAL";"THS";"M";"FT";"DK04";276.2
"TOTAL";"THS";"M";"FT";"DK05";126.5
"TOTAL";"THS";"M";"FT";"EE";299.1
"TOTAL";"THS";"M";"FT";"EE0";299.1
"TOTAL";"THS";"M";"FT";"EE00";299.1
"TOTAL";"THS";"M";"FT";"EL";1916.2
"TOTAL";"THS";"M";"FT";"EL3";682.9
"TOTAL";"THS";"M";"FT";"EL30";682.9
"TOTAL";"THS";"M";"FT";"EL4";219.4
"TOTAL";"THS";"M";"FT";"EL41";38.7
"TOTAL";"THS";"M";"FT";"EL42";67.6
"TOTAL";"THS";"M";"FT";"EL43";113.1
"TOTAL";"THS";"M";"FT";"EL5";525.1
"TOTAL";"THS";"M";"FT";"EL51";108.4
"TOTAL";"THS";"M";"FT";"EL52";310.9
"TOTAL";"THS";"M";"FT";"EL53";48.3
"TOTAL";"THS";"M";"FT";"EL54";57.4
"TOTAL";"THS";"M";"FT";"EL6";488.9
"TOTAL";"THS";"M";"FT";"EL61";127.1
"TOTAL";"THS";"M";"FT";"EL62";40.7
"TOTAL";"THS";"M";"FT";"EL63";115.6
"TOTAL";"THS";"M";"FT";"EL64";102.7
"TOTAL";"THS";"M";"FT";"EL65";102.7
"TOTAL";"THS";"M";"FT";"ES";8705.5
"TOTAL";"THS";"M";"FT";"ES1";791.5
"TOTAL";"THS";"M";"FT";"ES11";489.1
"TOTAL";"THS";"M";"FT";"ES12";188
"TOTAL";"THS";"M";"FT";"ES13";114.4
"TOTAL";"THS";"M";"FT";"ES2";903.7
"TOTAL";"THS";"M";"FT";"ES21";431.6
"TOTAL";"THS";"M";"FT";"ES22";133.8
"TOTAL";"THS";"M";"FT";"ES23";66.8
"TOTAL";"THS";"M";"FT";"ES24";271.6
"TOTAL";"THS";"M";"FT";"ES3";1316.5
"TOTAL";"THS";"M";"FT";"ES30";1316.5
"TOTAL";"THS";"M";"FT";"ES4";1071.5
"TOTAL";"THS";"M";"FT";"ES41";483.5
"TOTAL";"THS";"M";"FT";"ES42";395.2
"TOTAL";"THS";"M";"FT";"ES43";192.7
"TOTAL";"THS";"M";"FT";"ES5";2602.4
"TOTAL";"THS";"M";"FT";"ES51";1468.8
"TOTAL";"THS";"M";"FT";"ES52";894.9
"TOTAL";"THS";"M";"FT";"ES53";238.7
"TOTAL";"THS";"M";"FT";"ES6";1663.4
"TOTAL";"THS";"M";"FT";"ES61";1357.9
"TOTAL";"THS";"M";"FT";"ES62";277
"TOTAL";"THS";"M";"FT";"ES63";15.6
"TOTAL";"THS";"M";"FT";"ES64";12.9
"TOTAL";"THS";"M";"FT";"ES7";356.6
"TOTAL";"THS";"M";"FT";"ES70";356.6
"TOTAL";"THS";"M";"FT";"FI";1116.2
"TOTAL";"THS";"M";"FT";"FI1";1109
"TOTAL";"THS";"M";"FT";"FI19";275.7
"TOTAL";"THS";"M";"FT";"FI1B";358.2
"TOTAL";"THS";"M";"FT";"FI1C";226.9
"TOTAL";"THS";"M";"FT";"FI1D";248.2
"TOTAL";"THS";"M";"FT";"FI2";7.2
"TOTAL";"THS";"M";"FT";"FI20";7.2
"TOTAL";"THS";"M";"FT";"FR";12618.3
"TOTAL";"THS";"M";"FT";"FR1";2445.8
"TOTAL";"THS";"M";"FT";"FR10";2445.8
"TOTAL";"THS";"M";"FT";"FR2";2029.2
"TOTAL";"THS";"M";"FT";"FR21";249.2
"TOTAL";"THS";"M";"FT";"FR22";367.5
"TOTAL";"THS";"M";"FT";"FR23";347.9
"TOTAL";"THS";"M";"FT";"FR24";486.7
"TOTAL";"THS";"M";"FT";"FR25";283.1
"TOTAL";"THS";"M";"FT";"FR26";294.8
"TOTAL";"THS";"M";"FT";"FR3";737.7
"TOTAL";"THS";"M";"FT";"FR30";737.7
"TOTAL";"THS";"M";"FT";"FR4";1065.3
"TOTAL";"THS";"M";"FT";"FR41";443.5
"TOTAL";"THS";"M";"FT";"FR42";391.8
"TOTAL";"THS";"M";"FT";"FR43";230.1
"TOTAL";"THS";"M";"FT";"FR5";1716.8
"TOTAL";"THS";"M";"FT";"FR51";738.8
"TOTAL";"THS";"M";"FT";"FR52";647.4
"TOTAL";"THS";"M";"FT";"FR53";330.6
"TOTAL";"THS";"M";"FT";"FR6";1352.2
"TOTAL";"THS";"M";"FT";"FR61";621.5
"TOTAL";"THS";"M";"FT";"FR62";598.6
"TOTAL";"THS";"M";"FT";"FR63";132
"TOTAL";"THS";"M";"FT";"FR7";1560.4
"TOTAL";"THS";"M";"FT";"FR71";1300.9
"TOTAL";"THS";"M";"FT";"FR72";259.4
"TOTAL";"THS";"M";"FT";"FR8";1435.3
"TOTAL";"THS";"M";"FT";"FR81";473.5
"TOTAL";"THS";"M";"FT";"FR82";931.2
"TOTAL";"THS";"M";"FT";"FR83";30.5
"TOTAL";"THS";"M";"FT";"FRA";275.7
"TOTAL";"THS";"M";"FT";"FRA1";51.9
"TOTAL";"THS";"M";"FT";"FRA2";51.6
"TOTAL";"THS";"M";"FT";"FRA3";31.6
"TOTAL";"THS";"M";"FT";"FRA4";118.5
"TOTAL";"THS";"M";"FT";"FRA5";22
"TOTAL";"THS";"M";"FT";"HR";807.2
"TOTAL";"THS";"M";"FT";"HR0";807.2
"TOTAL";"THS";"M";"FT";"HR03";264.1
"TOTAL";"THS";"M";"FT";"HR04";543.1
"TOTAL";"THS";"M";"FT";"HU";2113.1
"TOTAL";"THS";"M";"FT";"HU1";663
"TOTAL";"THS";"M";"FT";"HU10";663
"TOTAL";"THS";"M";"FT";"HU2";668.2
"TOTAL";"THS";"M";"FT";"HU21";251.6
"TOTAL";"THS";"M";"FT";"HU22";236.4
"TOTAL";"THS";"M";"FT";"HU23";180.2
"TOTAL";"THS";"M";"FT";"HU3";781.9
"TOTAL";"THS";"M";"FT";"HU31";224.9
"TOTAL";"THS";"M";"FT";"HU32";297.5
"TOTAL";"THS";"M";"FT";"HU33";259.4
"TOTAL";"THS";"M";"FT";"IE";895.4
"TOTAL";"THS";"M";"FT";"IE0";895.4
"TOTAL";"THS";"M";"FT";"IE01";223
"TOTAL";"THS";"M";"FT";"IE02";672.4
"TOTAL";"THS";"M";"FT";"IT";11862.3
"TOTAL";"THS";"M";"FT";"ITC";3444.4
"TOTAL";"THS";"M";"FT";"ITC1";908.8
"TOTAL";"THS";"M";"FT";"ITC2";27.9
"TOTAL";"THS";"M";"FT";"ITC3";301.6
"TOTAL";"THS";"M";"FT";"ITC4";2206.2
"TOTAL";"THS";"M";"FT";"ITF";2313.4
"TOTAL";"THS";"M";"FT";"ITF1";266.8
"TOTAL";"THS";"M";"FT";"ITF2";55.4
"TOTAL";"THS";"M";"FT";"ITF3";917.8
"TOTAL";"THS";"M";"FT";"ITF4";678.9
"TOTAL";"THS";"M";"FT";"ITF5";104.7
"TOTAL";"THS";"M";"FT";"ITF6";289.8
"TOTAL";"THS";"M";"FT";"ITG";1047.1
"TOTAL";"THS";"M";"FT";"ITG1";754.2
"TOTAL";"THS";"M";"FT";"ITG2";292.9
"TOTAL";"THS";"M";"FT";"ITH";2613.6
"TOTAL";"THS";"M";"FT";"ITH1";126.6
"TOTAL";"THS";"M";"FT";"ITH2";122.1
"TOTAL";"THS";"M";"FT";"ITH3";1119.9
"TOTAL";"THS";"M";"FT";"ITH4";264.2
"TOTAL";"THS";"M";"FT";"ITH5";980.8
"TOTAL";"THS";"M";"FT";"ITI";2443.7
"TOTAL";"THS";"M";"FT";"ITI1";782.6
"TOTAL";"THS";"M";"FT";"ITI2";179.4
"TOTAL";"THS";"M";"FT";"ITI3";320.5
"TOTAL";"THS";"M";"FT";"ITI4";1161.2
"TOTAL";"THS";"M";"FT";"LT";601.7
"TOTAL";"THS";"M";"FT";"LT0";601.7
"TOTAL";"THS";"M";"FT";"LT00";601.7
"TOTAL";"THS";"M";"FT";"LU";128.1
"TOTAL";"THS";"M";"FT";"LU0";128.1
"TOTAL";"THS";"M";"FT";"LU00";128.1
"TOTAL";"THS";"M";"FT";"LV";415.1
"TOTAL";"THS";"M";"FT";"LV0";415.1
"TOTAL";"THS";"M";"FT";"LV00";415.1
"TOTAL";"THS";"M";"FT";"MT";102.3
"TOTAL";"THS";"M";"FT";"MT0";102.3
"TOTAL";"THS";"M";"FT";"MT00";102.3
"TOTAL";"THS";"M";"FT";"NL";3211.2
"TOTAL";"THS";"M";"FT";"NL1";301.2
"TOTAL";"THS";"M";"FT";"NL11";94.9
"TOTAL";"THS";"M";"FT";"NL12";117.5
"TOTAL";"THS";"M";"FT";"NL13";88.8
"TOTAL";"THS";"M";"FT";"NL2";673.7
"TOTAL";"THS";"M";"FT";"NL21";218.8
"TOTAL";"THS";"M";"FT";"NL22";377.2
"TOTAL";"THS";"M";"FT";"NL23";77.7
"TOTAL";"THS";"M";"FT";"NL3";1524.2
"TOTAL";"THS";"M";"FT";"NL31";238.1
"TOTAL";"THS";"M";"FT";"NL32";520.7
"TOTAL";"THS";"M";"FT";"NL33";688.9
"TOTAL";"THS";"M";"FT";"NL34";76.5
"TOTAL";"THS";"M";"FT";"NL4";712
"TOTAL";"THS";"M";"FT";"NL41";503
"TOTAL";"THS";"M";"FT";"NL42";209
"TOTAL";"THS";"M";"FT";"PL";8328.1
"TOTAL";"THS";"M";"FT";"PL1";2006.8
"TOTAL";"THS";"M";"FT";"PL11";663.9
"TOTAL";"THS";"M";"FT";"PL12";1342.9
"TOTAL";"THS";"M";"FT";"PL2";1659.3
"TOTAL";"THS";"M";"FT";"PL21";687.8
"TOTAL";"THS";"M";"FT";"PL22";971.5
"TOTAL";"THS";"M";"FT";"PL3";1454.5
"TOTAL";"THS";"M";"FT";"PL31";498.2
"TOTAL";"THS";"M";"FT";"PL32";405.3
"TOTAL";"THS";"M";"FT";"PL33";305.9
"TOTAL";"THS";"M";"FT";"PL34";245.2
"TOTAL";"THS";"M";"FT";"PL4";1242.9
"TOTAL";"THS";"M";"FT";"PL41";726.6
"TOTAL";"THS";"M";"FT";"PL42";302.3
"TOTAL";"THS";"M";"FT";"PL43";213.9
"TOTAL";"THS";"M";"FT";"PL5";775.1
"TOTAL";"THS";"M";"FT";"PL51";579.9
"TOTAL";"THS";"M";"FT";"PL52";195.2
"TOTAL";"THS";"M";"FT";"PL6";1189.5
"TOTAL";"THS";"M";"FT";"PL61";418.4
"TOTAL";"THS";"M";"FT";"PL62";287.7
"TOTAL";"THS";"M";"FT";"PL63";483.3
"TOTAL";"THS";"M";"FT";"PT";2053.3
"TOTAL";"THS";"M";"FT";"PT1";1957.5
"TOTAL";"THS";"M";"FT";"PT11";737.7
"TOTAL";"THS";"M";"FT";"PT15";87.7
"TOTAL";"THS";"M";"FT";"PT16";456.5
"TOTAL";"THS";"M";"FT";"PT17";528.8
"TOTAL";"THS";"M";"FT";"PT18";146.9
"TOTAL";"THS";"M";"FT";"PT2";49.2
"TOTAL";"THS";"M";"FT";"PT20";49.2
"TOTAL";"THS";"M";"FT";"PT3";46.6
"TOTAL";"THS";"M";"FT";"PT30";46.6
"TOTAL";"THS";"M";"FT";"RO";4402.9
"TOTAL";"THS";"M";"FT";"RO1";1069.9
"TOTAL";"THS";"M";"FT";"RO11";592.9
"TOTAL";"THS";"M";"FT";"RO12";477
"TOTAL";"THS";"M";"FT";"RO2";1212.1
"TOTAL";"THS";"M";"FT";"RO21";711
"TOTAL";"THS";"M";"FT";"RO22";501.1
"TOTAL";"THS";"M";"FT";"RO3";1190.3
"TOTAL";"THS";"M";"FT";"RO31";637.3
"TOTAL";"THS";"M";"FT";"RO32";553
"TOTAL";"THS";"M";"FT";"RO4";930.7
"TOTAL";"THS";"M";"FT";"RO41";496.1
"TOTAL";"THS";"M";"FT";"RO42";434.6
"TOTAL";"THS";"M";"FT";"SE";2122.7
"TOTAL";"THS";"M";"FT";"SE1";846.4
"TOTAL";"THS";"M";"FT";"SE11";497.4
"TOTAL";"THS";"M";"FT";"SE12";349
"TOTAL";"THS";"M";"FT";"SE2";906.3
"TOTAL";"THS";"M";"FT";"SE21";178.4
"TOTAL";"THS";"M";"FT";"SE22";297.3
"TOTAL";"THS";"M";"FT";"SE23";430.7
"TOTAL";"THS";"M";"FT";"SE3";370
"TOTAL";"THS";"M";"FT";"SE31";176.5
"TOTAL";"THS";"M";"FT";"SE32";81.2
"TOTAL";"THS";"M";"FT";"SE33";112.3
"TOTAL";"THS";"M";"FT";"SI";458.8
"TOTAL";"THS";"M";"FT";"SI0";458.8
"TOTAL";"THS";"M";"FT";"SI03";246.8
"TOTAL";"THS";"M";"FT";"SI04";212
"TOTAL";"THS";"M";"FT";"SK";1265.1
"TOTAL";"THS";"M";"FT";"SK0";1265.1
"TOTAL";"THS";"M";"FT";"SK01";161.8
"TOTAL";"THS";"M";"FT";"SK02";458.4
"TOTAL";"THS";"M";"FT";"SK03";301.2
"TOTAL";"THS";"M";"FT";"SK04";343.7
"TOTAL";"THS";"M";"FT";"UK";14154.6
"TOTAL";"THS";"M";"FT";"UKC";535.9
"TOTAL";"THS";"M";"FT";"UKC1";228.5
"TOTAL";"THS";"M";"FT";"UKC2";307.3
"TOTAL";"THS";"M";"FT";"UKD";1478.5
"TOTAL";"THS";"M";"FT";"UKD1";105.9
"TOTAL";"THS";"M";"FT";"UKD3";585.3
"TOTAL";"THS";"M";"FT";"UKD4";290.4
"TOTAL";"THS";"M";"FT";"UKD6";209.1
"TOTAL";"THS";"M";"FT";"UKD7";287.8
"TOTAL";"THS";"M";"FT";"UKE";1142.1
"TOTAL";"THS";"M";"FT";"UKE1";197.1
"TOTAL";"THS";"M";"FT";"UKE2";179.7
"TOTAL";"THS";"M";"FT";"UKE3";295.5
"TOTAL";"THS";"M";"FT";"UKE4";469.8
"TOTAL";"THS";"M";"FT";"UKF";1029.2
"TOTAL";"THS";"M";"FT";"UKF1";450.7
"TOTAL";"THS";"M";"FT";"UKF2";409.2
"TOTAL";"THS";"M";"FT";"UKF3";169.3
"TOTAL";"THS";"M";"FT";"UKG";1204
"TOTAL";"THS";"M";"FT";"UKG1";301.4
"TOTAL";"THS";"M";"FT";"UKG2";347.7
"TOTAL";"THS";"M";"FT";"UKG3";554.8
"TOTAL";"THS";"M";"FT";"UKH";1381.5
"TOTAL";"THS";"M";"FT";"UKH1";556.9
"TOTAL";"THS";"M";"FT";"UKH2";436.4
"TOTAL";"THS";"M";"FT";"UKH3";388.2
"TOTAL";"THS";"M";"FT";"UKI";2042.2
"TOTAL";"THS";"M";"FT";"UKI3";279.9
"TOTAL";"THS";"M";"FT";"UKI4";558
"TOTAL";"THS";"M";"FT";"UKI5";408.9
"TOTAL";"THS";"M";"FT";"UKI6";311
"TOTAL";"THS";"M";"FT";"UKI7";484.5
"TOTAL";"THS";"M";"FT";"UKJ";2030.4
"TOTAL";"THS";"M";"FT";"UKJ1";583.5
"TOTAL";"THS";"M";"FT";"UKJ2";625.6
"TOTAL";"THS";"M";"FT";"UKJ3";435.9
"TOTAL";"THS";"M";"FT";"UKJ4";385.3
"TOTAL";"THS";"M";"FT";"UKK";1163.6
"TOTAL";"THS";"M";"FT";"UKK1";540.5
"TOTAL";"THS";"M";"FT";"UKK2";289.1
"TOTAL";"THS";"M";"FT";"UKK3";105.4
"TOTAL";"THS";"M";"FT";"UKK4";228.7
"TOTAL";"THS";"M";"FT";"UKL";615.5
"TOTAL";"THS";"M";"FT";"UKL1";374.4
"TOTAL";"THS";"M";"FT";"UKL2";241.1
"TOTAL";"THS";"M";"FT";"UKM";1149.2
"TOTAL";"THS";"M";"FT";"UKM2";432.6
"TOTAL";"THS";"M";"FT";"UKM3";447.5
"TOTAL";"THS";"M";"FT";"UKM5";134.3
"TOTAL";"THS";"M";"FT";"UKM6";134.8
"TOTAL";"THS";"M";"FT";"UKN";382.6
"TOTAL";"THS";"M";"FT";"UKN0";382.6
"TOTAL";"THS";"M";"PT";"AT";238
"TOTAL";"THS";"M";"PT";"AT1";116.4
"TOTAL";"THS";"M";"PT";"AT11";5.3
"TOTAL";"THS";"M";"PT";"AT12";40.9
"TOTAL";"THS";"M";"PT";"AT13";70.2
"TOTAL";"THS";"M";"PT";"AT2";42.7
"TOTAL";"THS";"M";"PT";"AT21";11.2
"TOTAL";"THS";"M";"PT";"AT22";31.5
"TOTAL";"THS";"M";"PT";"AT3";78.8
"TOTAL";"THS";"M";"PT";"AT31";39.7
"TOTAL";"THS";"M";"PT";"AT32";12.6
"TOTAL";"THS";"M";"PT";"AT33";18.3
"TOTAL";"THS";"M";"PT";"AT34";8.1
"TOTAL";"THS";"M";"PT";"BE";222.5
"TOTAL";"THS";"M";"PT";"BE1";28.9
"TOTAL";"THS";"M";"PT";"BE10";28.9
"TOTAL";"THS";"M";"PT";"BE2";132.5
"TOTAL";"THS";"M";"PT";"BE21";32.8
"TOTAL";"THS";"M";"PT";"BE22";17.6
"TOTAL";"THS";"M";"PT";"BE23";31
"TOTAL";"THS";"M";"PT";"BE24";26.4
"TOTAL";"THS";"M";"PT";"BE25";24.7
"TOTAL";"THS";"M";"PT";"BE3";61
"TOTAL";"THS";"M";"PT";"BE31";7.7
"TOTAL";"THS";"M";"PT";"BE32";18.9
"TOTAL";"THS";"M";"PT";"BE33";20
"TOTAL";"THS";"M";"PT";"BE34";5.6
"TOTAL";"THS";"M";"PT";"BE35";8.8
"TOTAL";"THS";"M";"PT";"BG";36.2
"TOTAL";"THS";"M";"PT";"BG3";17.3
"TOTAL";"THS";"M";"PT";"BG31";NA
"TOTAL";"THS";"M";"PT";"BG32";5.2
"TOTAL";"THS";"M";"PT";"BG33";5.5
"TOTAL";"THS";"M";"PT";"BG34";NA
"TOTAL";"THS";"M";"PT";"BG4";18.9
"TOTAL";"THS";"M";"PT";"BG41";10
"TOTAL";"THS";"M";"PT";"BG42";8.9
"TOTAL";"THS";"M";"PT";"CY";20.7
"TOTAL";"THS";"M";"PT";"CY0";20.7
"TOTAL";"THS";"M";"PT";"CY00";20.7
"TOTAL";"THS";"M";"PT";"CZ";91.6
"TOTAL";"THS";"M";"PT";"CZ0";91.6
"TOTAL";"THS";"M";"PT";"CZ01";21.9
"TOTAL";"THS";"M";"PT";"CZ02";8.6
"TOTAL";"THS";"M";"PT";"CZ03";7.8
"TOTAL";"THS";"M";"PT";"CZ04";7.6
"TOTAL";"THS";"M";"PT";"CZ05";13.3
"TOTAL";"THS";"M";"PT";"CZ06";18
"TOTAL";"THS";"M";"PT";"CZ07";7.8
"TOTAL";"THS";"M";"PT";"CZ08";6.7
"TOTAL";"THS";"M";"PT";"DE";2292.3
"TOTAL";"THS";"M";"PT";"DE1";312.4
"TOTAL";"THS";"M";"PT";"DE11";106.9
"TOTAL";"THS";"M";"PT";"DE12";81.3
"TOTAL";"THS";"M";"PT";"DE13";68.9
"TOTAL";"THS";"M";"PT";"DE14";55.3
"TOTAL";"THS";"M";"PT";"DE2";311.7
"TOTAL";"THS";"M";"PT";"DE21";123.5
"TOTAL";"THS";"M";"PT";"DE22";28.9
"TOTAL";"THS";"M";"PT";"DE23";23.2
"TOTAL";"THS";"M";"PT";"DE24";25.3
"TOTAL";"THS";"M";"PT";"DE25";41.8
"TOTAL";"THS";"M";"PT";"DE26";30.7
"TOTAL";"THS";"M";"PT";"DE27";38.3
"TOTAL";"THS";"M";"PT";"DE3";163.3
"TOTAL";"THS";"M";"PT";"DE30";163.3
"TOTAL";"THS";"M";"PT";"DE4";63
"TOTAL";"THS";"M";"PT";"DE40";63
"TOTAL";"THS";"M";"PT";"DE5";25.7
"TOTAL";"THS";"M";"PT";"DE50";25.7
"TOTAL";"THS";"M";"PT";"DE6";70
"TOTAL";"THS";"M";"PT";"DE60";70
"TOTAL";"THS";"M";"PT";"DE7";190.8
"TOTAL";"THS";"M";"PT";"DE71";123
"TOTAL";"THS";"M";"PT";"DE72";35.3
"TOTAL";"THS";"M";"PT";"DE73";32.6
"TOTAL";"THS";"M";"PT";"DE8";43.9
"TOTAL";"THS";"M";"PT";"DE80";43.9
"TOTAL";"THS";"M";"PT";"DE9";202.6
"TOTAL";"THS";"M";"PT";"DE91";41.2
"TOTAL";"THS";"M";"PT";"DE92";54.9
"TOTAL";"THS";"M";"PT";"DE93";43.3
"TOTAL";"THS";"M";"PT";"DE94";63.2
"TOTAL";"THS";"M";"PT";"DEA";467.3
"TOTAL";"THS";"M";"PT";"DEA1";138.7
"TOTAL";"THS";"M";"PT";"DEA2";122.7
"TOTAL";"THS";"M";"PT";"DEA3";71.1
"TOTAL";"THS";"M";"PT";"DEA4";48.3
"TOTAL";"THS";"M";"PT";"DEA5";86.4
"TOTAL";"THS";"M";"PT";"DEB";106.7
"TOTAL";"THS";"M";"PT";"DEB1";36.9
"TOTAL";"THS";"M";"PT";"DEB2";13.1
"TOTAL";"THS";"M";"PT";"DEB3";56.7
"TOTAL";"THS";"M";"PT";"DEC";23.7
"TOTAL";"THS";"M";"PT";"DEC0";23.7
"TOTAL";"THS";"M";"PT";"DED";117.8
"TOTAL";"THS";"M";"PT";"DED2";48.9
"TOTAL";"THS";"M";"PT";"DED4";36.1
"TOTAL";"THS";"M";"PT";"DED5";32.8
"TOTAL";"THS";"M";"PT";"DEE";50
"TOTAL";"THS";"M";"PT";"DEE0";50
"TOTAL";"THS";"M";"PT";"DEF";87.2
"TOTAL";"THS";"M";"PT";"DEF0";87.2
"TOTAL";"THS";"M";"PT";"DEG";56.2
"TOTAL";"THS";"M";"PT";"DEG0";56.2
"TOTAL";"THS";"M";"PT";"DK";234.2
"TOTAL";"THS";"M";"PT";"DK0";234.2
"TOTAL";"THS";"M";"PT";"DK01";86
"TOTAL";"THS";"M";"PT";"DK02";28.3
"TOTAL";"THS";"M";"PT";"DK03";45.8
"TOTAL";"THS";"M";"PT";"DK04";51.4
"TOTAL";"THS";"M";"PT";"DK05";22.8
"TOTAL";"THS";"M";"PT";"EE";20.9
"TOTAL";"THS";"M";"PT";"EE0";20.9
"TOTAL";"THS";"M";"PT";"EE00";20.9
"TOTAL";"THS";"M";"PT";"EL";139.9
"TOTAL";"THS";"M";"PT";"EL3";63.5
"TOTAL";"THS";"M";"PT";"EL30";63.5
"TOTAL";"THS";"M";"PT";"EL4";12.6
"TOTAL";"THS";"M";"PT";"EL41";NA
"TOTAL";"THS";"M";"PT";"EL42";3.2
"TOTAL";"THS";"M";"PT";"EL43";8.2
"TOTAL";"THS";"M";"PT";"EL5";28.5
"TOTAL";"THS";"M";"PT";"EL51";6.2
"TOTAL";"THS";"M";"PT";"EL52";17.7
"TOTAL";"THS";"M";"PT";"EL53";2.4
"TOTAL";"THS";"M";"PT";"EL54";2.3
"TOTAL";"THS";"M";"PT";"EL6";35.2
"TOTAL";"THS";"M";"PT";"EL61";13.1
"TOTAL";"THS";"M";"PT";"EL62";2
"TOTAL";"THS";"M";"PT";"EL63";7.8
"TOTAL";"THS";"M";"PT";"EL64";4.9
"TOTAL";"THS";"M";"PT";"EL65";7.5
"TOTAL";"THS";"M";"PT";"ES";737.1
"TOTAL";"THS";"M";"PT";"ES1";52.9
"TOTAL";"THS";"M";"PT";"ES11";35.2
"TOTAL";"THS";"M";"PT";"ES12";10.7
"TOTAL";"THS";"M";"PT";"ES13";7
"TOTAL";"THS";"M";"PT";"ES2";58.6
"TOTAL";"THS";"M";"PT";"ES21";26.4
"TOTAL";"THS";"M";"PT";"ES22";8.9
"TOTAL";"THS";"M";"PT";"ES23";4.9
"TOTAL";"THS";"M";"PT";"ES24";18.4
"TOTAL";"THS";"M";"PT";"ES3";103.1
"TOTAL";"THS";"M";"PT";"ES30";103.1
"TOTAL";"THS";"M";"PT";"ES4";73
"TOTAL";"THS";"M";"PT";"ES41";33
"TOTAL";"THS";"M";"PT";"ES42";25.9
"TOTAL";"THS";"M";"PT";"ES43";14.2
"TOTAL";"THS";"M";"PT";"ES5";241.7
"TOTAL";"THS";"M";"PT";"ES51";125.5
"TOTAL";"THS";"M";"PT";"ES52";97.9
"TOTAL";"THS";"M";"PT";"ES53";18.3
"TOTAL";"THS";"M";"PT";"ES6";163.2
"TOTAL";"THS";"M";"PT";"ES61";133
"TOTAL";"THS";"M";"PT";"ES62";27.4
"TOTAL";"THS";"M";"PT";"ES63";NA
"TOTAL";"THS";"M";"PT";"ES64";1.9
"TOTAL";"THS";"M";"PT";"ES7";44.6
"TOTAL";"THS";"M";"PT";"ES70";44.6
"TOTAL";"THS";"M";"PT";"FI";136.8
"TOTAL";"THS";"M";"PT";"FI1";135.7
"TOTAL";"THS";"M";"PT";"FI19";34.7
"TOTAL";"THS";"M";"PT";"FI1B";42.6
"TOTAL";"THS";"M";"PT";"FI1C";27.2
"TOTAL";"THS";"M";"PT";"FI1D";31.3
"TOTAL";"THS";"M";"PT";"FI2";NA
"TOTAL";"THS";"M";"PT";"FI20";NA
"TOTAL";"THS";"M";"PT";"FR";1092
"TOTAL";"THS";"M";"PT";"FR1";213.5
"TOTAL";"THS";"M";"PT";"FR10";213.5
"TOTAL";"THS";"M";"PT";"FR2";162.3
"TOTAL";"THS";"M";"PT";"FR21";20.4
"TOTAL";"THS";"M";"PT";"FR22";28.6
"TOTAL";"THS";"M";"PT";"FR23";26.2
"TOTAL";"THS";"M";"PT";"FR24";34.5
"TOTAL";"THS";"M";"PT";"FR25";24.3
"TOTAL";"THS";"M";"PT";"FR26";28.2
"TOTAL";"THS";"M";"PT";"FR3";51
"TOTAL";"THS";"M";"PT";"FR30";51
"TOTAL";"THS";"M";"PT";"FR4";86.3
"TOTAL";"THS";"M";"PT";"FR41";41
"TOTAL";"THS";"M";"PT";"FR42";29.7
"TOTAL";"THS";"M";"PT";"FR43";15.6
"TOTAL";"THS";"M";"PT";"FR5";138.8
"TOTAL";"THS";"M";"PT";"FR51";56.4
"TOTAL";"THS";"M";"PT";"FR52";51.6
"TOTAL";"THS";"M";"PT";"FR53";30.8
"TOTAL";"THS";"M";"PT";"FR6";120.7
"TOTAL";"THS";"M";"PT";"FR61";60.6
"TOTAL";"THS";"M";"PT";"FR62";47
"TOTAL";"THS";"M";"PT";"FR63";13.1
"TOTAL";"THS";"M";"PT";"FR7";134
"TOTAL";"THS";"M";"PT";"FR71";110.4
"TOTAL";"THS";"M";"PT";"FR72";23.6
"TOTAL";"THS";"M";"PT";"FR8";140
"TOTAL";"THS";"M";"PT";"FR81";44.5
"TOTAL";"THS";"M";"PT";"FR82";90.1
"TOTAL";"THS";"M";"PT";"FR83";5.4
"TOTAL";"THS";"M";"PT";"FRA";45.4
"TOTAL";"THS";"M";"PT";"FRA1";9
"TOTAL";"THS";"M";"PT";"FRA2";9
"TOTAL";"THS";"M";"PT";"FRA3";4.9
"TOTAL";"THS";"M";"PT";"FRA4";17.7
"TOTAL";"THS";"M";"PT";"FRA5";4.7
"TOTAL";"THS";"M";"PT";"HR";41.4
"TOTAL";"THS";"M";"PT";"HR0";41.4
"TOTAL";"THS";"M";"PT";"HR03";10
"TOTAL";"THS";"M";"PT";"HR04";31.4
"TOTAL";"THS";"M";"PT";"HU";99.4
"TOTAL";"THS";"M";"PT";"HU1";29.8
"TOTAL";"THS";"M";"PT";"HU10";29.8
"TOTAL";"THS";"M";"PT";"HU2";27.6
"TOTAL";"THS";"M";"PT";"HU21";7.8
"TOTAL";"THS";"M";"PT";"HU22";9.1
"TOTAL";"THS";"M";"PT";"HU23";10.8
"TOTAL";"THS";"M";"PT";"HU3";41.9
"TOTAL";"THS";"M";"PT";"HU31";9.4
"TOTAL";"THS";"M";"PT";"HU32";16.7
"TOTAL";"THS";"M";"PT";"HU33";15.9
"TOTAL";"THS";"M";"PT";"IE";143.7
"TOTAL";"THS";"M";"PT";"IE0";143.7
"TOTAL";"THS";"M";"PT";"IE01";43.3
"TOTAL";"THS";"M";"PT";"IE02";100.4
"TOTAL";"THS";"M";"PT";"IT";1083
"TOTAL";"THS";"M";"PT";"ITC";287.6
"TOTAL";"THS";"M";"PT";"ITC1";75.5
"TOTAL";"THS";"M";"PT";"ITC2";2.1
"TOTAL";"THS";"M";"PT";"ITC3";30
"TOTAL";"THS";"M";"PT";"ITC4";180.1
"TOTAL";"THS";"M";"PT";"ITF";231.2
"TOTAL";"THS";"M";"PT";"ITF1";19.3
"TOTAL";"THS";"M";"PT";"ITF2";5.3
"TOTAL";"THS";"M";"PT";"ITF3";91.9
"TOTAL";"THS";"M";"PT";"ITF4";63.3
"TOTAL";"THS";"M";"PT";"ITF5";10.2
"TOTAL";"THS";"M";"PT";"ITF6";41.1
"TOTAL";"THS";"M";"PT";"ITG";130.3
"TOTAL";"THS";"M";"PT";"ITG1";100.7
"TOTAL";"THS";"M";"PT";"ITG2";29.6
"TOTAL";"THS";"M";"PT";"ITH";192.6
"TOTAL";"THS";"M";"PT";"ITH1";8.1
"TOTAL";"THS";"M";"PT";"ITH2";8.6
"TOTAL";"THS";"M";"PT";"ITH3";75.7
"TOTAL";"THS";"M";"PT";"ITH4";16.2
"TOTAL";"THS";"M";"PT";"ITH5";83.9
"TOTAL";"THS";"M";"PT";"ITI";241.2
"TOTAL";"THS";"M";"PT";"ITI1";66.3
"TOTAL";"THS";"M";"PT";"ITI2";15
"TOTAL";"THS";"M";"PT";"ITI3";30.5
"TOTAL";"THS";"M";"PT";"ITI4";129.5
"TOTAL";"THS";"M";"PT";"LT";45.4
"TOTAL";"THS";"M";"PT";"LT0";45.4
"TOTAL";"THS";"M";"PT";"LT00";45.4
"TOTAL";"THS";"M";"PT";"LU";7.3
"TOTAL";"THS";"M";"PT";"LU0";7.3
"TOTAL";"THS";"M";"PT";"LU00";7.3
"TOTAL";"THS";"M";"PT";"LV";22.6
"TOTAL";"THS";"M";"PT";"LV0";22.6
"TOTAL";"THS";"M";"PT";"LV00";22.6
"TOTAL";"THS";"M";"PT";"MT";9.6
"TOTAL";"THS";"M";"PT";"MT0";9.6
"TOTAL";"THS";"M";"PT";"MT00";9.6
"TOTAL";"THS";"M";"PT";"NL";1248.5
"TOTAL";"THS";"M";"PT";"NL1";128.6
"TOTAL";"THS";"M";"PT";"NL11";47.4
"TOTAL";"THS";"M";"PT";"NL12";47.6
"TOTAL";"THS";"M";"PT";"NL13";33.6
"TOTAL";"THS";"M";"PT";"NL2";259.3
"TOTAL";"THS";"M";"PT";"NL21";83
"TOTAL";"THS";"M";"PT";"NL22";151.5
"TOTAL";"THS";"M";"PT";"NL23";24.9
"TOTAL";"THS";"M";"PT";"NL3";606.6
"TOTAL";"THS";"M";"PT";"NL31";99.8
"TOTAL";"THS";"M";"PT";"NL32";231.7
"TOTAL";"THS";"M";"PT";"NL33";252
"TOTAL";"THS";"M";"PT";"NL34";23.1
"TOTAL";"THS";"M";"PT";"NL4";254
"TOTAL";"THS";"M";"PT";"NL41";174.6
"TOTAL";"THS";"M";"PT";"NL42";79.4
"TOTAL";"THS";"M";"PT";"PL";449.6
"TOTAL";"THS";"M";"PT";"PL1";109.1
"TOTAL";"THS";"M";"PT";"PL11";32
"TOTAL";"THS";"M";"PT";"PL12";77.1
"TOTAL";"THS";"M";"PT";"PL2";89.1
"TOTAL";"THS";"M";"PT";"PL21";39.5
"TOTAL";"THS";"M";"PT";"PL22";49.5
"TOTAL";"THS";"M";"PT";"PL3";107.9
"TOTAL";"THS";"M";"PT";"PL31";44.2
"TOTAL";"THS";"M";"PT";"PL32";35.2
"TOTAL";"THS";"M";"PT";"PL33";16.7
"TOTAL";"THS";"M";"PT";"PL34";11.8
"TOTAL";"THS";"M";"PT";"PL4";55.5
"TOTAL";"THS";"M";"PT";"PL41";31.5
"TOTAL";"THS";"M";"PT";"PL42";12.9
"TOTAL";"THS";"M";"PT";"PL43";11.1
"TOTAL";"THS";"M";"PT";"PL5";33.3
"TOTAL";"THS";"M";"PT";"PL51";24.1
"TOTAL";"THS";"M";"PT";"PL52";9.2
"TOTAL";"THS";"M";"PT";"PL6";54.7
"TOTAL";"THS";"M";"PT";"PL61";22.4
"TOTAL";"THS";"M";"PT";"PL62";8.6
"TOTAL";"THS";"M";"PT";"PL63";23.7
"TOTAL";"THS";"M";"PT";"PT";266.2
"TOTAL";"THS";"M";"PT";"PT1";250
"TOTAL";"THS";"M";"PT";"PT11";84.2
"TOTAL";"THS";"M";"PT";"PT15";11.7
"TOTAL";"THS";"M";"PT";"PT16";89.8
"TOTAL";"THS";"M";"PT";"PT17";47.4
"TOTAL";"THS";"M";"PT";"PT18";16.8
"TOTAL";"THS";"M";"PT";"PT2";7.2
"TOTAL";"THS";"M";"PT";"PT20";7.2
"TOTAL";"THS";"M";"PT";"PT3";9
"TOTAL";"THS";"M";"PT";"PT30";9
"TOTAL";"THS";"M";"PT";"RO";440.9
"TOTAL";"THS";"M";"PT";"RO1";90.1
"TOTAL";"THS";"M";"PT";"RO11";55.9
"TOTAL";"THS";"M";"PT";"RO12";34.2
"TOTAL";"THS";"M";"PT";"RO2";198.9
"TOTAL";"THS";"M";"PT";"RO21";124.7
"TOTAL";"THS";"M";"PT";"RO22";74.3
"TOTAL";"THS";"M";"PT";"RO3";127.8
"TOTAL";"THS";"M";"PT";"RO31";115.4
"TOTAL";"THS";"M";"PT";"RO32";12.4
"TOTAL";"THS";"M";"PT";"RO4";24.1
"TOTAL";"THS";"M";"PT";"RO41";10.9
"TOTAL";"THS";"M";"PT";"RO42";13.2
"TOTAL";"THS";"M";"PT";"SE";378.4
"TOTAL";"THS";"M";"PT";"SE1";153.3
"TOTAL";"THS";"M";"PT";"SE11";94
"TOTAL";"THS";"M";"PT";"SE12";59.3
"TOTAL";"THS";"M";"PT";"SE2";166.5
"TOTAL";"THS";"M";"PT";"SE21";34.4
"TOTAL";"THS";"M";"PT";"SE22";54.7
"TOTAL";"THS";"M";"PT";"SE23";77.3
"TOTAL";"THS";"M";"PT";"SE3";58.6
"TOTAL";"THS";"M";"PT";"SE31";26.5
"TOTAL";"THS";"M";"PT";"SE32";12.9
"TOTAL";"THS";"M";"PT";"SE33";19.1
"TOTAL";"THS";"M";"PT";"SI";40.4
"TOTAL";"THS";"M";"PT";"SI0";40.4
"TOTAL";"THS";"M";"PT";"SI03";20.8
"TOTAL";"THS";"M";"PT";"SI04";19.6
"TOTAL";"THS";"M";"PT";"SK";51.2
"TOTAL";"THS";"M";"PT";"SK0";51.2
"TOTAL";"THS";"M";"PT";"SK01";5.2
"TOTAL";"THS";"M";"PT";"SK02";8.4
"TOTAL";"THS";"M";"PT";"SK03";17.2
"TOTAL";"THS";"M";"PT";"SK04";20.4
"TOTAL";"THS";"M";"PT";"UK";2129.4
"TOTAL";"THS";"M";"PT";"UKC";73
"TOTAL";"THS";"M";"PT";"UKC1";32.4
"TOTAL";"THS";"M";"PT";"UKC2";40.6
"TOTAL";"THS";"M";"PT";"UKD";234.9
"TOTAL";"THS";"M";"PT";"UKD1";15.9
"TOTAL";"THS";"M";"PT";"UKD3";95.5
"TOTAL";"THS";"M";"PT";"UKD4";53.4
"TOTAL";"THS";"M";"PT";"UKD6";30.6
"TOTAL";"THS";"M";"PT";"UKD7";39.6
"TOTAL";"THS";"M";"PT";"UKE";183.1
"TOTAL";"THS";"M";"PT";"UKE1";32.2
"TOTAL";"THS";"M";"PT";"UKE2";20.6
"TOTAL";"THS";"M";"PT";"UKE3";46.9
"TOTAL";"THS";"M";"PT";"UKE4";83.4
"TOTAL";"THS";"M";"PT";"UKF";153
"TOTAL";"THS";"M";"PT";"UKF1";67
"TOTAL";"THS";"M";"PT";"UKF2";58.7
"TOTAL";"THS";"M";"PT";"UKF3";27.3
"TOTAL";"THS";"M";"PT";"UKG";182.3
"TOTAL";"THS";"M";"PT";"UKG1";48.3
"TOTAL";"THS";"M";"PT";"UKG2";51.9
"TOTAL";"THS";"M";"PT";"UKG3";82.1
"TOTAL";"THS";"M";"PT";"UKH";182.9
"TOTAL";"THS";"M";"PT";"UKH1";85.4
"TOTAL";"THS";"M";"PT";"UKH2";48.6
"TOTAL";"THS";"M";"PT";"UKH3";49
"TOTAL";"THS";"M";"PT";"UKI";306.7
"TOTAL";"THS";"M";"PT";"UKI3";42.3
"TOTAL";"THS";"M";"PT";"UKI4";95.6
"TOTAL";"THS";"M";"PT";"UKI5";55.4
"TOTAL";"THS";"M";"PT";"UKI6";40.2
"TOTAL";"THS";"M";"PT";"UKI7";73.2
"TOTAL";"THS";"M";"PT";"UKJ";297.2
"TOTAL";"THS";"M";"PT";"UKJ1";72
"TOTAL";"THS";"M";"PT";"UKJ2";104.4
"TOTAL";"THS";"M";"PT";"UKJ3";71.9
"TOTAL";"THS";"M";"PT";"UKJ4";48.8
"TOTAL";"THS";"M";"PT";"UKK";201.2
"TOTAL";"THS";"M";"PT";"UKK1";85.7
"TOTAL";"THS";"M";"PT";"UKK2";45
"TOTAL";"THS";"M";"PT";"UKK3";24.8
"TOTAL";"THS";"M";"PT";"UKK4";45.6
"TOTAL";"THS";"M";"PT";"UKL";102.8
"TOTAL";"THS";"M";"PT";"UKL1";60.3
"TOTAL";"THS";"M";"PT";"UKL2";42.6
"TOTAL";"THS";"M";"PT";"UKM";169.7
"TOTAL";"THS";"M";"PT";"UKM2";71.3
"TOTAL";"THS";"M";"PT";"UKM3";61.7
"TOTAL";"THS";"M";"PT";"UKM5";14.1
"TOTAL";"THS";"M";"PT";"UKM6";22.6
"TOTAL";"THS";"M";"PT";"UKN";42.4
"TOTAL";"THS";"M";"PT";"UKN0";42.4
"TOTAL";"THS";"T";"FT";"AT";2966.2
"TOTAL";"THS";"T";"FT";"AT1";1243.8
"TOTAL";"THS";"T";"FT";"AT11";101.9
"TOTAL";"THS";"T";"FT";"AT12";579.7
"TOTAL";"THS";"T";"FT";"AT13";562.2
"TOTAL";"THS";"T";"FT";"AT2";608.5
"TOTAL";"THS";"T";"FT";"AT21";188.6
"TOTAL";"THS";"T";"FT";"AT22";419.8
"TOTAL";"THS";"T";"FT";"AT3";1113.9
"TOTAL";"THS";"T";"FT";"AT31";520.1
"TOTAL";"THS";"T";"FT";"AT32";193.4
"TOTAL";"THS";"T";"FT";"AT33";263
"TOTAL";"THS";"T";"FT";"AT34";137.5
"TOTAL";"THS";"T";"FT";"BE";3449
"TOTAL";"THS";"T";"FT";"BE1";339.1
"TOTAL";"THS";"T";"FT";"BE10";339.1
"TOTAL";"THS";"T";"FT";"BE2";2098
"TOTAL";"THS";"T";"FT";"BE21";576.9
"TOTAL";"THS";"T";"FT";"BE22";264.7
"TOTAL";"THS";"T";"FT";"BE23";504.7
"TOTAL";"THS";"T";"FT";"BE24";369.3
"TOTAL";"THS";"T";"FT";"BE25";382.4
"TOTAL";"THS";"T";"FT";"BE3";1011.9
"TOTAL";"THS";"T";"FT";"BE31";125.5
"TOTAL";"THS";"T";"FT";"BE32";358.2
"TOTAL";"THS";"T";"FT";"BE33";298.8
"TOTAL";"THS";"T";"FT";"BE34";83.1
"TOTAL";"THS";"T";"FT";"BE35";146.2
"TOTAL";"THS";"T";"FT";"BG";2902.3
"TOTAL";"THS";"T";"FT";"BG3";1358.9
"TOTAL";"THS";"T";"FT";"BG31";272
"TOTAL";"THS";"T";"FT";"BG32";308.6
"TOTAL";"THS";"T";"FT";"BG33";376.7
"TOTAL";"THS";"T";"FT";"BG34";401.6
"TOTAL";"THS";"T";"FT";"BG4";1543.4
"TOTAL";"THS";"T";"FT";"BG41";958.6
"TOTAL";"THS";"T";"FT";"BG42";584.8
"TOTAL";"THS";"T";"FT";"CY";311.4
"TOTAL";"THS";"T";"FT";"CY0";311.4
"TOTAL";"THS";"T";"FT";"CY00";311.4
"TOTAL";"THS";"T";"FT";"CZ";4657.7
"TOTAL";"THS";"T";"FT";"CZ0";4657.7
"TOTAL";"THS";"T";"FT";"CZ01";582.6
"TOTAL";"THS";"T";"FT";"CZ02";600.6
"TOTAL";"THS";"T";"FT";"CZ03";550.2
"TOTAL";"THS";"T";"FT";"CZ04";484.4
"TOTAL";"THS";"T";"FT";"CZ05";659.8
"TOTAL";"THS";"T";"FT";"CZ06";737.7
"TOTAL";"THS";"T";"FT";"CZ07";525.7
"TOTAL";"THS";"T";"FT";"CZ08";516.7
"TOTAL";"THS";"T";"FT";"DE";28855.8
"TOTAL";"THS";"T";"FT";"DE1";3935.5
"TOTAL";"THS";"T";"FT";"DE11";1503.7
"TOTAL";"THS";"T";"FT";"DE12";977.6
"TOTAL";"THS";"T";"FT";"DE13";801.1
"TOTAL";"THS";"T";"FT";"DE14";653.2
"TOTAL";"THS";"T";"FT";"DE2";4864.3
"TOTAL";"THS";"T";"FT";"DE21";1792
"TOTAL";"THS";"T";"FT";"DE22";452.7
"TOTAL";"THS";"T";"FT";"DE23";429.6
"TOTAL";"THS";"T";"FT";"DE24";385
"TOTAL";"THS";"T";"FT";"DE25";643
"TOTAL";"THS";"T";"FT";"DE26";484.5
"TOTAL";"THS";"T";"FT";"DE27";677.4
"TOTAL";"THS";"T";"FT";"DE3";1189.8
"TOTAL";"THS";"T";"FT";"DE30";1189.8
"TOTAL";"THS";"T";"FT";"DE4";927
"TOTAL";"THS";"T";"FT";"DE40";927
"TOTAL";"THS";"T";"FT";"DE5";209.7
"TOTAL";"THS";"T";"FT";"DE50";209.7
"TOTAL";"THS";"T";"FT";"DE6";662.9
"TOTAL";"THS";"T";"FT";"DE60";662.9
"TOTAL";"THS";"T";"FT";"DE7";2133.4
"TOTAL";"THS";"T";"FT";"DE71";1372.5
"TOTAL";"THS";"T";"FT";"DE72";347.9
"TOTAL";"THS";"T";"FT";"DE73";413
"TOTAL";"THS";"T";"FT";"DE8";551.1
"TOTAL";"THS";"T";"FT";"DE80";551.1
"TOTAL";"THS";"T";"FT";"DE9";2706
"TOTAL";"THS";"T";"FT";"DE91";530.4
"TOTAL";"THS";"T";"FT";"DE92";740
"TOTAL";"THS";"T";"FT";"DE93";581.9
"TOTAL";"THS";"T";"FT";"DE94";853.6
"TOTAL";"THS";"T";"FT";"DEA";5924.8
"TOTAL";"THS";"T";"FT";"DEA1";1717.8
"TOTAL";"THS";"T";"FT";"DEA2";1479.9
"TOTAL";"THS";"T";"FT";"DEA3";854.7
"TOTAL";"THS";"T";"FT";"DEA4";693.4
"TOTAL";"THS";"T";"FT";"DEA5";1178.9
"TOTAL";"THS";"T";"FT";"DEB";1412.8
"TOTAL";"THS";"T";"FT";"DEB1";517.1
"TOTAL";"THS";"T";"FT";"DEB2";191.9
"TOTAL";"THS";"T";"FT";"DEB3";703.8
"TOTAL";"THS";"T";"FT";"DEC";334.4
"TOTAL";"THS";"T";"FT";"DEC0";334.4
"TOTAL";"THS";"T";"FT";"DED";1445.5
"TOTAL";"THS";"T";"FT";"DED2";555.5
"TOTAL";"THS";"T";"FT";"DED4";528
"TOTAL";"THS";"T";"FT";"DED5";362.1
"TOTAL";"THS";"T";"FT";"DEE";804.6
"TOTAL";"THS";"T";"FT";"DEE0";804.6
"TOTAL";"THS";"T";"FT";"DEF";948.3
"TOTAL";"THS";"T";"FT";"DEF0";948.3
"TOTAL";"THS";"T";"FT";"DEG";805.5
"TOTAL";"THS";"T";"FT";"DEG0";805.5
"TOTAL";"THS";"T";"FT";"DK";2022.5
"TOTAL";"THS";"T";"FT";"DK0";2022.5
"TOTAL";"THS";"T";"FT";"DK01";656.9
"TOTAL";"THS";"T";"FT";"DK02";291.7
"TOTAL";"THS";"T";"FT";"DK03";409.2
"TOTAL";"THS";"T";"FT";"DK04";454.6
"TOTAL";"THS";"T";"FT";"DK05";210.1
"TOTAL";"THS";"T";"FT";"EE";565
"TOTAL";"THS";"T";"FT";"EE0";565
"TOTAL";"THS";"T";"FT";"EE00";565
"TOTAL";"THS";"T";"FT";"EL";3200.6
"TOTAL";"THS";"T";"FT";"EL3";1183.3
"TOTAL";"THS";"T";"FT";"EL30";1183.3
"TOTAL";"THS";"T";"FT";"EL4";369.2
"TOTAL";"THS";"T";"FT";"EL41";59.1
"TOTAL";"THS";"T";"FT";"EL42";117.5
"TOTAL";"THS";"T";"FT";"EL43";192.5
"TOTAL";"THS";"T";"FT";"EL5";867.6
"TOTAL";"THS";"T";"FT";"EL51";181
"TOTAL";"THS";"T";"FT";"EL52";514.9
"TOTAL";"THS";"T";"FT";"EL53";75.1
"TOTAL";"THS";"T";"FT";"EL54";96.6
"TOTAL";"THS";"T";"FT";"EL6";780.5
"TOTAL";"THS";"T";"FT";"EL61";197.8
"TOTAL";"THS";"T";"FT";"EL62";67.2
"TOTAL";"THS";"T";"FT";"EL63";186
"TOTAL";"THS";"T";"FT";"EL64";160
"TOTAL";"THS";"T";"FT";"EL65";169.6
"TOTAL";"THS";"T";"FT";"ES";14585.4
"TOTAL";"THS";"T";"FT";"ES1";1377.9
"TOTAL";"THS";"T";"FT";"ES11";855.8
"TOTAL";"THS";"T";"FT";"ES12";327.7
"TOTAL";"THS";"T";"FT";"ES13";194.4
"TOTAL";"THS";"T";"FT";"ES2";1478.2
"TOTAL";"THS";"T";"FT";"ES21";714.2
"TOTAL";"THS";"T";"FT";"ES22";215.9
"TOTAL";"THS";"T";"FT";"ES23";106.9
"TOTAL";"THS";"T";"FT";"ES24";441.1
"TOTAL";"THS";"T";"FT";"ES3";2342
"TOTAL";"THS";"T";"FT";"ES30";2342
"TOTAL";"THS";"T";"FT";"ES4";1687.2
"TOTAL";"THS";"T";"FT";"ES41";774.6
"TOTAL";"THS";"T";"FT";"ES42";613
"TOTAL";"THS";"T";"FT";"ES43";299.6
"TOTAL";"THS";"T";"FT";"ES5";4438.8
"TOTAL";"THS";"T";"FT";"ES51";2567.9
"TOTAL";"THS";"T";"FT";"ES52";1456.1
"TOTAL";"THS";"T";"FT";"ES53";414.8
"TOTAL";"THS";"T";"FT";"ES6";2645.1
"TOTAL";"THS";"T";"FT";"ES61";2163.2
"TOTAL";"THS";"T";"FT";"ES62";438.1
"TOTAL";"THS";"T";"FT";"ES63";23.5
"TOTAL";"THS";"T";"FT";"ES64";20.3
"TOTAL";"THS";"T";"FT";"ES7";616.4
"TOTAL";"THS";"T";"FT";"ES70";616.4
"TOTAL";"THS";"T";"FT";"FI";2068.2
"TOTAL";"THS";"T";"FT";"FI1";2055.4
"TOTAL";"THS";"T";"FT";"FI19";504
"TOTAL";"THS";"T";"FT";"FI1B";679.6
"TOTAL";"THS";"T";"FT";"FI1C";417
"TOTAL";"THS";"T";"FT";"FI1D";454.8
"TOTAL";"THS";"T";"FT";"FI2";12.8
"TOTAL";"THS";"T";"FT";"FI20";12.8
"TOTAL";"THS";"T";"FT";"FR";21423.9
"TOTAL";"THS";"T";"FT";"FR1";4435.8
"TOTAL";"THS";"T";"FT";"FR10";4435.8
"TOTAL";"THS";"T";"FT";"FR2";3424.1
"TOTAL";"THS";"T";"FT";"FR21";409.4
"TOTAL";"THS";"T";"FT";"FR22";609.8
"TOTAL";"THS";"T";"FT";"FR23";581.8
"TOTAL";"THS";"T";"FT";"FR24";823.3
"TOTAL";"THS";"T";"FT";"FR25";480.7
"TOTAL";"THS";"T";"FT";"FR26";519.2
"TOTAL";"THS";"T";"FT";"FR3";1205.5
"TOTAL";"THS";"T";"FT";"FR30";1205.5
"TOTAL";"THS";"T";"FT";"FR4";1738.1
"TOTAL";"THS";"T";"FT";"FR41";716.8
"TOTAL";"THS";"T";"FT";"FR42";644.1
"TOTAL";"THS";"T";"FT";"FR43";377.3
"TOTAL";"THS";"T";"FT";"FR5";2841.1
"TOTAL";"THS";"T";"FT";"FR51";1208.6
"TOTAL";"THS";"T";"FT";"FR52";1071.1
"TOTAL";"THS";"T";"FT";"FR53";561.5
"TOTAL";"THS";"T";"FT";"FR6";2310.9
"TOTAL";"THS";"T";"FT";"FR61";1075.7
"TOTAL";"THS";"T";"FT";"FR62";997.7
"TOTAL";"THS";"T";"FT";"FR63";237.5
"TOTAL";"THS";"T";"FT";"FR7";2571.1
"TOTAL";"THS";"T";"FT";"FR71";2142.3
"TOTAL";"THS";"T";"FT";"FR72";428.8
"TOTAL";"THS";"T";"FT";"FR8";2416.4
"TOTAL";"THS";"T";"FT";"FR81";771.9
"TOTAL";"THS";"T";"FT";"FR82";1593.6
"TOTAL";"THS";"T";"FT";"FR83";50.8
"TOTAL";"THS";"T";"FT";"FRA";480.8
"TOTAL";"THS";"T";"FT";"FRA1";97.4
"TOTAL";"THS";"T";"FT";"FRA2";100.7
"TOTAL";"THS";"T";"FT";"FRA3";52.3
"TOTAL";"THS";"T";"FT";"FRA4";196.2
"TOTAL";"THS";"T";"FT";"FRA5";34.3
"TOTAL";"THS";"T";"FT";"HR";1468.7
"TOTAL";"THS";"T";"FT";"HR0";1468.7
"TOTAL";"THS";"T";"FT";"HR03";488.3
"TOTAL";"THS";"T";"FT";"HR04";980.3
"TOTAL";"THS";"T";"FT";"HU";3823.5
"TOTAL";"THS";"T";"FT";"HU1";1225.2
"TOTAL";"THS";"T";"FT";"HU10";1225.2
"TOTAL";"THS";"T";"FT";"HU2";1194.3
"TOTAL";"THS";"T";"FT";"HU21";447.3
"TOTAL";"THS";"T";"FT";"HU22";419.5
"TOTAL";"THS";"T";"FT";"HU23";327.6
"TOTAL";"THS";"T";"FT";"HU3";1404
"TOTAL";"THS";"T";"FT";"HU31";405.7
"TOTAL";"THS";"T";"FT";"HU32";530.7
"TOTAL";"THS";"T";"FT";"HU33";467.6
"TOTAL";"THS";"T";"FT";"IE";1464
"TOTAL";"THS";"T";"FT";"IE0";1464
"TOTAL";"THS";"T";"FT";"IE01";355.7
"TOTAL";"THS";"T";"FT";"IE02";1108.3
"TOTAL";"THS";"T";"FT";"IT";18187.9
"TOTAL";"THS";"T";"FT";"ITC";5431.4
"TOTAL";"THS";"T";"FT";"ITC1";1451.8
"TOTAL";"THS";"T";"FT";"ITC2";45.9
"TOTAL";"THS";"T";"FT";"ITC3";475.6
"TOTAL";"THS";"T";"FT";"ITC4";3458
"TOTAL";"THS";"T";"FT";"ITF";3338.3
"TOTAL";"THS";"T";"FT";"ITF1";397.2
"TOTAL";"THS";"T";"FT";"ITF2";83.6
"TOTAL";"THS";"T";"FT";"ITF3";1316.8
"TOTAL";"THS";"T";"FT";"ITF4";960.9
"TOTAL";"THS";"T";"FT";"ITF5";154
"TOTAL";"THS";"T";"FT";"ITF6";425.7
"TOTAL";"THS";"T";"FT";"ITG";1499.3
"TOTAL";"THS";"T";"FT";"ITG1";1064.5
"TOTAL";"THS";"T";"FT";"ITG2";434.8
"TOTAL";"THS";"T";"FT";"ITH";4030.6
"TOTAL";"THS";"T";"FT";"ITH1";187.5
"TOTAL";"THS";"T";"FT";"ITH2";182.1
"TOTAL";"THS";"T";"FT";"ITH3";1688.3
"TOTAL";"THS";"T";"FT";"ITH4";403.6
"TOTAL";"THS";"T";"FT";"ITH5";1569.2
"TOTAL";"THS";"T";"FT";"ITI";3888.3
"TOTAL";"THS";"T";"FT";"ITI1";1261.5
"TOTAL";"THS";"T";"FT";"ITI2";281.7
"TOTAL";"THS";"T";"FT";"ITI3";505.5
"TOTAL";"THS";"T";"FT";"ITI4";1839.6
"TOTAL";"THS";"T";"FT";"LT";1198.8
"TOTAL";"THS";"T";"FT";"LT0";1198.8
"TOTAL";"THS";"T";"FT";"LT00";1198.8
"TOTAL";"THS";"T";"FT";"LU";198.1
"TOTAL";"THS";"T";"FT";"LU0";198.1
"TOTAL";"THS";"T";"FT";"LU00";198.1
"TOTAL";"THS";"T";"FT";"LV";818
"TOTAL";"THS";"T";"FT";"LV0";818
"TOTAL";"THS";"T";"FT";"LV00";818
"TOTAL";"THS";"T";"FT";"MT";151.6
"TOTAL";"THS";"T";"FT";"MT0";151.6
"TOTAL";"THS";"T";"FT";"MT00";151.6
"TOTAL";"THS";"T";"FT";"NL";4083.4
"TOTAL";"THS";"T";"FT";"NL1";368.8
"TOTAL";"THS";"T";"FT";"NL11";120.5
"TOTAL";"THS";"T";"FT";"NL12";141.7
"TOTAL";"THS";"T";"FT";"NL13";106.6
"TOTAL";"THS";"T";"FT";"NL2";832.3
"TOTAL";"THS";"T";"FT";"NL21";265.7
"TOTAL";"THS";"T";"FT";"NL22";466.4
"TOTAL";"THS";"T";"FT";"NL23";100.3
"TOTAL";"THS";"T";"FT";"NL3";1992.9
"TOTAL";"THS";"T";"FT";"NL31";314.1
"TOTAL";"THS";"T";"FT";"NL32";693.9
"TOTAL";"THS";"T";"FT";"NL33";892.9
"TOTAL";"THS";"T";"FT";"NL34";92
"TOTAL";"THS";"T";"FT";"NL4";889.3
"TOTAL";"THS";"T";"FT";"NL41";628.4
"TOTAL";"THS";"T";"FT";"NL42";260.9
"TOTAL";"THS";"T";"FT";"PL";14627.6
"TOTAL";"THS";"T";"FT";"PL1";3609.6
"TOTAL";"THS";"T";"FT";"PL11";1187.2
"TOTAL";"THS";"T";"FT";"PL12";2422.4
"TOTAL";"THS";"T";"FT";"PL2";2898.3
"TOTAL";"THS";"T";"FT";"PL21";1201.1
"TOTAL";"THS";"T";"FT";"PL22";1697.2
"TOTAL";"THS";"T";"FT";"PL3";2552.6
"TOTAL";"THS";"T";"FT";"PL31";886.5
"TOTAL";"THS";"T";"FT";"PL32";692.7
"TOTAL";"THS";"T";"FT";"PL33";537.1
"TOTAL";"THS";"T";"FT";"PL34";436.3
"TOTAL";"THS";"T";"FT";"PL4";2150.6
"TOTAL";"THS";"T";"FT";"PL41";1242.3
"TOTAL";"THS";"T";"FT";"PL42";532.4
"TOTAL";"THS";"T";"FT";"PL43";375.9
"TOTAL";"THS";"T";"FT";"PL5";1358.3
"TOTAL";"THS";"T";"FT";"PL51";1019.3
"TOTAL";"THS";"T";"FT";"PL52";338.9
"TOTAL";"THS";"T";"FT";"PL6";2058.2
"TOTAL";"THS";"T";"FT";"PL61";722.7
"TOTAL";"THS";"T";"FT";"PL62";501.2
"TOTAL";"THS";"T";"FT";"PL63";834.4
"TOTAL";"THS";"T";"FT";"PT";3910.8
"TOTAL";"THS";"T";"FT";"PT1";3731.1
"TOTAL";"THS";"T";"FT";"PT11";1365.9
"TOTAL";"THS";"T";"FT";"PT15";170.8
"TOTAL";"THS";"T";"FT";"PT16";867.1
"TOTAL";"THS";"T";"FT";"PT17";1051.8
"TOTAL";"THS";"T";"FT";"PT18";275.5
"TOTAL";"THS";"T";"FT";"PT2";88
"TOTAL";"THS";"T";"FT";"PT20";88
"TOTAL";"THS";"T";"FT";"PT3";91.7
"TOTAL";"THS";"T";"FT";"PT30";91.7
"TOTAL";"THS";"T";"FT";"RO";7754.2
"TOTAL";"THS";"T";"FT";"RO1";1894.5
"TOTAL";"THS";"T";"FT";"RO11";1066.5
"TOTAL";"THS";"T";"FT";"RO12";828.1
"TOTAL";"THS";"T";"FT";"RO2";2101.7
"TOTAL";"THS";"T";"FT";"RO21";1281.5
"TOTAL";"THS";"T";"FT";"RO22";820.1
"TOTAL";"THS";"T";"FT";"RO3";2124.1
"TOTAL";"THS";"T";"FT";"RO31";1086.6
"TOTAL";"THS";"T";"FT";"RO32";1037.5
"TOTAL";"THS";"T";"FT";"RO4";1633.9
"TOTAL";"THS";"T";"FT";"RO41";892.1
"TOTAL";"THS";"T";"FT";"RO42";741.8
"TOTAL";"THS";"T";"FT";"SE";3521.9
"TOTAL";"THS";"T";"FT";"SE1";1449.9
"TOTAL";"THS";"T";"FT";"SE11";880.6
"TOTAL";"THS";"T";"FT";"SE12";569.3
"TOTAL";"THS";"T";"FT";"SE2";1474.2
"TOTAL";"THS";"T";"FT";"SE21";283.5
"TOTAL";"THS";"T";"FT";"SE22";486.4
"TOTAL";"THS";"T";"FT";"SE23";704.4
"TOTAL";"THS";"T";"FT";"SE3";597.9
"TOTAL";"THS";"T";"FT";"SE31";285.5
"TOTAL";"THS";"T";"FT";"SE32";129.6
"TOTAL";"THS";"T";"FT";"SE33";182.7
"TOTAL";"THS";"T";"FT";"SI";814.1
"TOTAL";"THS";"T";"FT";"SI0";814.1
"TOTAL";"THS";"T";"FT";"SI03";429.7
"TOTAL";"THS";"T";"FT";"SI04";384.4
"TOTAL";"THS";"T";"FT";"SK";2239.3
"TOTAL";"THS";"T";"FT";"SK0";2239.3
"TOTAL";"THS";"T";"FT";"SK01";299.3
"TOTAL";"THS";"T";"FT";"SK02";808
"TOTAL";"THS";"T";"FT";"SK03";531.2
"TOTAL";"THS";"T";"FT";"SK04";600.8
"TOTAL";"THS";"T";"FT";"UK";22386.7
"TOTAL";"THS";"T";"FT";"UKC";854
"TOTAL";"THS";"T";"FT";"UKC1";375.2
"TOTAL";"THS";"T";"FT";"UKC2";478.8
"TOTAL";"THS";"T";"FT";"UKD";2398
"TOTAL";"THS";"T";"FT";"UKD1";166.9
"TOTAL";"THS";"T";"FT";"UKD3";946.5
"TOTAL";"THS";"T";"FT";"UKD4";474.6
"TOTAL";"THS";"T";"FT";"UKD6";329.2
"TOTAL";"THS";"T";"FT";"UKD7";480.6
"TOTAL";"THS";"T";"FT";"UKE";1775.6
"TOTAL";"THS";"T";"FT";"UKE1";293.8
"TOTAL";"THS";"T";"FT";"UKE2";276.1
"TOTAL";"THS";"T";"FT";"UKE3";465.1
"TOTAL";"THS";"T";"FT";"UKE4";740.6
"TOTAL";"THS";"T";"FT";"UKF";1606.5
"TOTAL";"THS";"T";"FT";"UKF1";709.9
"TOTAL";"THS";"T";"FT";"UKF2";629.5
"TOTAL";"THS";"T";"FT";"UKF3";267.1
"TOTAL";"THS";"T";"FT";"UKG";1873.5
"TOTAL";"THS";"T";"FT";"UKG1";461.5
"TOTAL";"THS";"T";"FT";"UKG2";539.4
"TOTAL";"THS";"T";"FT";"UKG3";872.6
"TOTAL";"THS";"T";"FT";"UKH";2137.5
"TOTAL";"THS";"T";"FT";"UKH1";857.2
"TOTAL";"THS";"T";"FT";"UKH2";682.4
"TOTAL";"THS";"T";"FT";"UKH3";597.9
"TOTAL";"THS";"T";"FT";"UKI";3315.6
"TOTAL";"THS";"T";"FT";"UKI3";471.3
"TOTAL";"THS";"T";"FT";"UKI4";918.7
"TOTAL";"THS";"T";"FT";"UKI5";642
"TOTAL";"THS";"T";"FT";"UKI6";507.4
"TOTAL";"THS";"T";"FT";"UKI7";776.3
"TOTAL";"THS";"T";"FT";"UKJ";3159.2
"TOTAL";"THS";"T";"FT";"UKJ1";902.3
"TOTAL";"THS";"T";"FT";"UKJ2";965.5
"TOTAL";"THS";"T";"FT";"UKJ3";687.6
"TOTAL";"THS";"T";"FT";"UKJ4";603.8
"TOTAL";"THS";"T";"FT";"UKK";1806.5
"TOTAL";"THS";"T";"FT";"UKK1";843.8
"TOTAL";"THS";"T";"FT";"UKK2";439.2
"TOTAL";"THS";"T";"FT";"UKK3";170.8
"TOTAL";"THS";"T";"FT";"UKK4";352.6
"TOTAL";"THS";"T";"FT";"UKL";983.5
"TOTAL";"THS";"T";"FT";"UKL1";605.5
"TOTAL";"THS";"T";"FT";"UKL2";378
"TOTAL";"THS";"T";"FT";"UKM";1860.4
"TOTAL";"THS";"T";"FT";"UKM2";719.9
"TOTAL";"THS";"T";"FT";"UKM3";730.2
"TOTAL";"THS";"T";"FT";"UKM5";205.3
"TOTAL";"THS";"T";"FT";"UKM6";205
"TOTAL";"THS";"T";"FT";"UKN";616.4
"TOTAL";"THS";"T";"FT";"UKN0";616.4
"TOTAL";"THS";"T";"PT";"AT";1146.5
"TOTAL";"THS";"T";"PT";"AT1";472.6
"TOTAL";"THS";"T";"PT";"AT11";31.8
"TOTAL";"THS";"T";"PT";"AT12";210.8
"TOTAL";"THS";"T";"PT";"AT13";230
"TOTAL";"THS";"T";"PT";"AT2";231.9
"TOTAL";"THS";"T";"PT";"AT21";68.1
"TOTAL";"THS";"T";"PT";"AT22";163.7
"TOTAL";"THS";"T";"PT";"AT3";442
"TOTAL";"THS";"T";"PT";"AT31";207.6
"TOTAL";"THS";"T";"PT";"AT32";74.8
"TOTAL";"THS";"T";"PT";"AT33";106
"TOTAL";"THS";"T";"PT";"AT34";53.6
"TOTAL";"THS";"T";"PT";"BE";1094.6
"TOTAL";"THS";"T";"PT";"BE1";91
"TOTAL";"THS";"T";"PT";"BE10";91
"TOTAL";"THS";"T";"PT";"BE2";683.3
"TOTAL";"THS";"T";"PT";"BE21";179.4
"TOTAL";"THS";"T";"PT";"BE22";102.7
"TOTAL";"THS";"T";"PT";"BE23";153.5
"TOTAL";"THS";"T";"PT";"BE24";119.6
"TOTAL";"THS";"T";"PT";"BE25";128.1
"TOTAL";"THS";"T";"PT";"BE3";320.3
"TOTAL";"THS";"T";"PT";"BE31";36.5
"TOTAL";"THS";"T";"PT";"BE32";102.4
"TOTAL";"THS";"T";"PT";"BE33";102
"TOTAL";"THS";"T";"PT";"BE34";30.8
"TOTAL";"THS";"T";"PT";"BE35";48.7
"TOTAL";"THS";"T";"PT";"BG";79.1
"TOTAL";"THS";"T";"PT";"BG3";38
"TOTAL";"THS";"T";"PT";"BG31";7.7
"TOTAL";"THS";"T";"PT";"BG32";10.3
"TOTAL";"THS";"T";"PT";"BG33";12.4
"TOTAL";"THS";"T";"PT";"BG34";7.6
"TOTAL";"THS";"T";"PT";"BG4";41.2
"TOTAL";"THS";"T";"PT";"BG41";22.7
"TOTAL";"THS";"T";"PT";"BG42";18.5
"TOTAL";"THS";"T";"PT";"CY";51.3
"TOTAL";"THS";"T";"PT";"CY0";51.3
"TOTAL";"THS";"T";"PT";"CY00";51.3
"TOTAL";"THS";"T";"PT";"CZ";316.4
"TOTAL";"THS";"T";"PT";"CZ0";316.4
"TOTAL";"THS";"T";"PT";"CZ01";65.4
"TOTAL";"THS";"T";"PT";"CZ02";32.9
"TOTAL";"THS";"T";"PT";"CZ03";30.3
"TOTAL";"THS";"T";"PT";"CZ04";23.1
"TOTAL";"THS";"T";"PT";"CZ05";43.4
"TOTAL";"THS";"T";"PT";"CZ06";58.3
"TOTAL";"THS";"T";"PT";"CZ07";30.6
"TOTAL";"THS";"T";"PT";"CZ08";32.4
"TOTAL";"THS";"T";"PT";"DE";11015.2
"TOTAL";"THS";"T";"PT";"DE1";1620.9
"TOTAL";"THS";"T";"PT";"DE11";578
"TOTAL";"THS";"T";"PT";"DE12";407.2
"TOTAL";"THS";"T";"PT";"DE13";352.1
"TOTAL";"THS";"T";"PT";"DE14";283.6
"TOTAL";"THS";"T";"PT";"DE2";1797.6
"TOTAL";"THS";"T";"PT";"DE21";627.6
"TOTAL";"THS";"T";"PT";"DE22";180.8
"TOTAL";"THS";"T";"PT";"DE23";152.2
"TOTAL";"THS";"T";"PT";"DE24";158.3
"TOTAL";"THS";"T";"PT";"DE25";236.3
"TOTAL";"THS";"T";"PT";"DE26";195.7
"TOTAL";"THS";"T";"PT";"DE27";246.7
"TOTAL";"THS";"T";"PT";"DE3";454
"TOTAL";"THS";"T";"PT";"DE30";454
"TOTAL";"THS";"T";"PT";"DE4";268.2
"TOTAL";"THS";"T";"PT";"DE40";268.2
"TOTAL";"THS";"T";"PT";"DE5";97.2
"TOTAL";"THS";"T";"PT";"DE50";97.2
"TOTAL";"THS";"T";"PT";"DE6";244.3
"TOTAL";"THS";"T";"PT";"DE60";244.3
"TOTAL";"THS";"T";"PT";"DE7";857.1
"TOTAL";"THS";"T";"PT";"DE71";520.8
"TOTAL";"THS";"T";"PT";"DE72";160.4
"TOTAL";"THS";"T";"PT";"DE73";175.9
"TOTAL";"THS";"T";"PT";"DE8";186.7
"TOTAL";"THS";"T";"PT";"DE80";186.7
"TOTAL";"THS";"T";"PT";"DE9";1080.4
"TOTAL";"THS";"T";"PT";"DE91";203.2
"TOTAL";"THS";"T";"PT";"DE92";281
"TOTAL";"THS";"T";"PT";"DE93";241.8
"TOTAL";"THS";"T";"PT";"DE94";354.4
"TOTAL";"THS";"T";"PT";"DEA";2341.5
"TOTAL";"THS";"T";"PT";"DEA1";657.5
"TOTAL";"THS";"T";"PT";"DEA2";559.1
"TOTAL";"THS";"T";"PT";"DEA3";370.6
"TOTAL";"THS";"T";"PT";"DEA4";281.6
"TOTAL";"THS";"T";"PT";"DEA5";472.7
"TOTAL";"THS";"T";"PT";"DEB";569.8
"TOTAL";"THS";"T";"PT";"DEB1";202.6
"TOTAL";"THS";"T";"PT";"DEB2";79.9
"TOTAL";"THS";"T";"PT";"DEB3";287.3
"TOTAL";"THS";"T";"PT";"DEC";122.2
"TOTAL";"THS";"T";"PT";"DEC0";122.2
"TOTAL";"THS";"T";"PT";"DED";485.7
"TOTAL";"THS";"T";"PT";"DED2";195.3
"TOTAL";"THS";"T";"PT";"DED4";171.2
"TOTAL";"THS";"T";"PT";"DED5";119.2
"TOTAL";"THS";"T";"PT";"DEE";236.4
"TOTAL";"THS";"T";"PT";"DEE0";236.4
"TOTAL";"THS";"T";"PT";"DEF";403.7
"TOTAL";"THS";"T";"PT";"DEF0";403.7
"TOTAL";"THS";"T";"PT";"DEG";249.4
"TOTAL";"THS";"T";"PT";"DEG0";249.4
"TOTAL";"THS";"T";"PT";"DK";691.6
"TOTAL";"THS";"T";"PT";"DK0";691.6
"TOTAL";"THS";"T";"PT";"DK01";232.9
"TOTAL";"THS";"T";"PT";"DK02";87.4
"TOTAL";"THS";"T";"PT";"DK03";142.7
"TOTAL";"THS";"T";"PT";"DK04";160.9
"TOTAL";"THS";"T";"PT";"DK05";67.7
"TOTAL";"THS";"T";"PT";"EE";59.9
"TOTAL";"THS";"T";"PT";"EE0";59.9
"TOTAL";"THS";"T";"PT";"EE00";59.9
"TOTAL";"THS";"T";"PT";"EL";335.7
"TOTAL";"THS";"T";"PT";"EL3";142.6
"TOTAL";"THS";"T";"PT";"EL30";142.6
"TOTAL";"THS";"T";"PT";"EL4";29.1
"TOTAL";"THS";"T";"PT";"EL41";3.1
"TOTAL";"THS";"T";"PT";"EL42";6.3
"TOTAL";"THS";"T";"PT";"EL43";19.7
"TOTAL";"THS";"T";"PT";"EL5";77.2
"TOTAL";"THS";"T";"PT";"EL51";14
"TOTAL";"THS";"T";"PT";"EL52";48.5
"TOTAL";"THS";"T";"PT";"EL53";7.3
"TOTAL";"THS";"T";"PT";"EL54";7.3
"TOTAL";"THS";"T";"PT";"EL6";86.7
"TOTAL";"THS";"T";"PT";"EL61";35.7
"TOTAL";"THS";"T";"PT";"EL62";3.9
"TOTAL";"THS";"T";"PT";"EL63";14.9
"TOTAL";"THS";"T";"PT";"EL64";13.1
"TOTAL";"THS";"T";"PT";"EL65";19
"TOTAL";"THS";"T";"PT";"ES";2758.7
"TOTAL";"THS";"T";"PT";"ES1";222.1
"TOTAL";"THS";"T";"PT";"ES11";142.2
"TOTAL";"THS";"T";"PT";"ES12";48.6
"TOTAL";"THS";"T";"PT";"ES13";31.3
"TOTAL";"THS";"T";"PT";"ES2";297.3
"TOTAL";"THS";"T";"PT";"ES21";151.1
"TOTAL";"THS";"T";"PT";"ES22";46.6
"TOTAL";"THS";"T";"PT";"ES23";21.3
"TOTAL";"THS";"T";"PT";"ES24";78.3
"TOTAL";"THS";"T";"PT";"ES3";373
"TOTAL";"THS";"T";"PT";"ES30";373
"TOTAL";"THS";"T";"PT";"ES4";298.8
"TOTAL";"THS";"T";"PT";"ES41";145.3
"TOTAL";"THS";"T";"PT";"ES42";99.1
"TOTAL";"THS";"T";"PT";"ES43";54.4
"TOTAL";"THS";"T";"PT";"ES5";875.8
"TOTAL";"THS";"T";"PT";"ES51";463
"TOTAL";"THS";"T";"PT";"ES52";344.8
"TOTAL";"THS";"T";"PT";"ES53";68.1
"TOTAL";"THS";"T";"PT";"ES6";569.3
"TOTAL";"THS";"T";"PT";"ES61";470.8
"TOTAL";"THS";"T";"PT";"ES62";92
"TOTAL";"THS";"T";"PT";"ES63";2.5
"TOTAL";"THS";"T";"PT";"ES64";4
"TOTAL";"THS";"T";"PT";"ES7";122.4
"TOTAL";"THS";"T";"PT";"ES70";122.4
"TOTAL";"THS";"T";"PT";"FI";377.4
"TOTAL";"THS";"T";"PT";"FI1";374.4
"TOTAL";"THS";"T";"PT";"FI19";97.6
"TOTAL";"THS";"T";"PT";"FI1B";116.2
"TOTAL";"THS";"T";"PT";"FI1C";76.4
"TOTAL";"THS";"T";"PT";"FI1D";84.2
"TOTAL";"THS";"T";"PT";"FI2";3
"TOTAL";"THS";"T";"PT";"FI20";3
"TOTAL";"THS";"T";"PT";"FR";5015.7
"TOTAL";"THS";"T";"PT";"FR1";807.4
"TOTAL";"THS";"T";"PT";"FR10";807.4
"TOTAL";"THS";"T";"PT";"FR2";782.6
"TOTAL";"THS";"T";"PT";"FR21";101.5
"TOTAL";"THS";"T";"PT";"FR22";133.1
"TOTAL";"THS";"T";"PT";"FR23";132.1
"TOTAL";"THS";"T";"PT";"FR24";183.8
"TOTAL";"THS";"T";"PT";"FR25";115.9
"TOTAL";"THS";"T";"PT";"FR26";116.2
"TOTAL";"THS";"T";"PT";"FR3";281.5
"TOTAL";"THS";"T";"PT";"FR30";281.5
"TOTAL";"THS";"T";"PT";"FR4";431.9
"TOTAL";"THS";"T";"PT";"FR41";192.9
"TOTAL";"THS";"T";"PT";"FR42";151.1
"TOTAL";"THS";"T";"PT";"FR43";87.9
"TOTAL";"THS";"T";"PT";"FR5";720.4
"TOTAL";"THS";"T";"PT";"FR51";311.9
"TOTAL";"THS";"T";"PT";"FR52";275.5
"TOTAL";"THS";"T";"PT";"FR53";133.1
"TOTAL";"THS";"T";"PT";"FR6";555.2
"TOTAL";"THS";"T";"PT";"FR61";271.1
"TOTAL";"THS";"T";"PT";"FR62";229.1
"TOTAL";"THS";"T";"PT";"FR63";54.9
"TOTAL";"THS";"T";"PT";"FR7";658.9
"TOTAL";"THS";"T";"PT";"FR71";557.8
"TOTAL";"THS";"T";"PT";"FR72";101.1
"TOTAL";"THS";"T";"PT";"FR8";642.4
"TOTAL";"THS";"T";"PT";"FR81";223
"TOTAL";"THS";"T";"PT";"FR82";405
"TOTAL";"THS";"T";"PT";"FR83";14.4
"TOTAL";"THS";"T";"PT";"FRA";135.5
"TOTAL";"THS";"T";"PT";"FRA1";25.9
"TOTAL";"THS";"T";"PT";"FRA2";26.9
"TOTAL";"THS";"T";"PT";"FRA3";11.8
"TOTAL";"THS";"T";"PT";"FRA4";61.9
"TOTAL";"THS";"T";"PT";"FRA5";9
"TOTAL";"THS";"T";"PT";"HR";97
"TOTAL";"THS";"T";"PT";"HR0";97
"TOTAL";"THS";"T";"PT";"HR03";24.6
"TOTAL";"THS";"T";"PT";"HR04";72.5
"TOTAL";"THS";"T";"PT";"HU";261.6
"TOTAL";"THS";"T";"PT";"HU1";84.4
"TOTAL";"THS";"T";"PT";"HU10";84.4
"TOTAL";"THS";"T";"PT";"HU2";71.2
"TOTAL";"THS";"T";"PT";"HU21";19.8
"TOTAL";"THS";"T";"PT";"HU22";22.5
"TOTAL";"THS";"T";"PT";"HU23";28.9
"TOTAL";"THS";"T";"PT";"HU3";106
"TOTAL";"THS";"T";"PT";"HU31";23.7
"TOTAL";"THS";"T";"PT";"HU32";41.5
"TOTAL";"THS";"T";"PT";"HU33";40.9
"TOTAL";"THS";"T";"PT";"IE";449.9
"TOTAL";"THS";"T";"PT";"IE0";449.9
"TOTAL";"THS";"T";"PT";"IE01";124.1
"TOTAL";"THS";"T";"PT";"IE02";325.8
"TOTAL";"THS";"T";"PT";"IT";4091
"TOTAL";"THS";"T";"PT";"ITC";1233.3
"TOTAL";"THS";"T";"PT";"ITC1";321.2
"TOTAL";"THS";"T";"PT";"ITC2";9.2
"TOTAL";"THS";"T";"PT";"ITC3";123.5
"TOTAL";"THS";"T";"PT";"ITC4";779.4
"TOTAL";"THS";"T";"PT";"ITF";648
"TOTAL";"THS";"T";"PT";"ITF1";78.8
"TOTAL";"THS";"T";"PT";"ITF2";17.1
"TOTAL";"THS";"T";"PT";"ITF3";244.1
"TOTAL";"THS";"T";"PT";"ITF4";182.8
"TOTAL";"THS";"T";"PT";"ITF5";28.4
"TOTAL";"THS";"T";"PT";"ITF6";96.9
"TOTAL";"THS";"T";"PT";"ITG";370.5
"TOTAL";"THS";"T";"PT";"ITG1";257.2
"TOTAL";"THS";"T";"PT";"ITG2";113.3
"TOTAL";"THS";"T";"PT";"ITH";916.6
"TOTAL";"THS";"T";"PT";"ITH1";56.2
"TOTAL";"THS";"T";"PT";"ITH2";50
"TOTAL";"THS";"T";"PT";"ITH3";376.8
"TOTAL";"THS";"T";"PT";"ITH4";91.3
"TOTAL";"THS";"T";"PT";"ITH5";342.2
"TOTAL";"THS";"T";"PT";"ITI";922.5
"TOTAL";"THS";"T";"PT";"ITI1";273.1
"TOTAL";"THS";"T";"PT";"ITI2";67
"TOTAL";"THS";"T";"PT";"ITI3";119.9
"TOTAL";"THS";"T";"PT";"ITI4";462.5
"TOTAL";"THS";"T";"PT";"LT";120.2
"TOTAL";"THS";"T";"PT";"LT0";120.2
"TOTAL";"THS";"T";"PT";"LT00";120.2
"TOTAL";"THS";"T";"PT";"LU";46.3
"TOTAL";"THS";"T";"PT";"LU0";46.3
"TOTAL";"THS";"T";"PT";"LU00";46.3
"TOTAL";"THS";"T";"PT";"LV";65.4
"TOTAL";"THS";"T";"PT";"LV0";65.4
"TOTAL";"THS";"T";"PT";"LV00";65.4
"TOTAL";"THS";"T";"PT";"MT";30.1
"TOTAL";"THS";"T";"PT";"MT0";30.1
"TOTAL";"THS";"T";"PT";"MT00";30.1
"TOTAL";"THS";"T";"PT";"NL";4152.7
"TOTAL";"THS";"T";"PT";"NL1";431.3
"TOTAL";"THS";"T";"PT";"NL11";148.2
"TOTAL";"THS";"T";"PT";"NL12";163.4
"TOTAL";"THS";"T";"PT";"NL13";119.8
"TOTAL";"THS";"T";"PT";"NL2";902.5
"TOTAL";"THS";"T";"PT";"NL21";288.8
"TOTAL";"THS";"T";"PT";"NL22";523.3
"TOTAL";"THS";"T";"PT";"NL23";90.4
"TOTAL";"THS";"T";"PT";"NL3";1952.6
"TOTAL";"THS";"T";"PT";"NL31";327.3
"TOTAL";"THS";"T";"PT";"NL32";703.7
"TOTAL";"THS";"T";"PT";"NL33";830.8
"TOTAL";"THS";"T";"PT";"NL34";90.9
"TOTAL";"THS";"T";"PT";"NL4";866.3
"TOTAL";"THS";"T";"PT";"NL41";605.2
"TOTAL";"THS";"T";"PT";"NL42";261.2
"TOTAL";"THS";"T";"PT";"PL";1233.9
"TOTAL";"THS";"T";"PT";"PL1";288.9
"TOTAL";"THS";"T";"PT";"PL11";90.3
"TOTAL";"THS";"T";"PT";"PL12";198.7
"TOTAL";"THS";"T";"PT";"PL2";273.4
"TOTAL";"THS";"T";"PT";"PL21";116.3
"TOTAL";"THS";"T";"PT";"PL22";157
"TOTAL";"THS";"T";"PT";"PL3";258.8
"TOTAL";"THS";"T";"PT";"PL31";101.8
"TOTAL";"THS";"T";"PT";"PL32";84.3
"TOTAL";"THS";"T";"PT";"PL33";42
"TOTAL";"THS";"T";"PT";"PL34";30.8
"TOTAL";"THS";"T";"PT";"PL4";157
"TOTAL";"THS";"T";"PT";"PL41";88.3
"TOTAL";"THS";"T";"PT";"PL42";41.2
"TOTAL";"THS";"T";"PT";"PL43";27.5
"TOTAL";"THS";"T";"PT";"PL5";103.3
"TOTAL";"THS";"T";"PT";"PL51";75
"TOTAL";"THS";"T";"PT";"PL52";28.3
"TOTAL";"THS";"T";"PT";"PL6";152.4
"TOTAL";"THS";"T";"PT";"PL61";58.6
"TOTAL";"THS";"T";"PT";"PL62";26.2
"TOTAL";"THS";"T";"PT";"PL63";67.7
"TOTAL";"THS";"T";"PT";"PT";588.7
"TOTAL";"THS";"T";"PT";"PT1";555
"TOTAL";"THS";"T";"PT";"PT11";196.3
"TOTAL";"THS";"T";"PT";"PT15";23.6
"TOTAL";"THS";"T";"PT";"PT16";178.6
"TOTAL";"THS";"T";"PT";"PT17";125.1
"TOTAL";"THS";"T";"PT";"PT18";31.3
"TOTAL";"THS";"T";"PT";"PT2";13.8
"TOTAL";"THS";"T";"PT";"PT20";13.8
"TOTAL";"THS";"T";"PT";"PT3";19.9
"TOTAL";"THS";"T";"PT";"PT30";19.9
"TOTAL";"THS";"T";"PT";"RO";859.5
"TOTAL";"THS";"T";"PT";"RO1";159.9
"TOTAL";"THS";"T";"PT";"RO11";103.7
"TOTAL";"THS";"T";"PT";"RO12";56.2
"TOTAL";"THS";"T";"PT";"RO2";390.4
"TOTAL";"THS";"T";"PT";"RO21";264.4
"TOTAL";"THS";"T";"PT";"RO22";126.1
"TOTAL";"THS";"T";"PT";"RO3";258.7
"TOTAL";"THS";"T";"PT";"RO31";234.3
"TOTAL";"THS";"T";"PT";"RO32";24.4
"TOTAL";"THS";"T";"PT";"RO4";50.5
"TOTAL";"THS";"T";"PT";"RO41";25.3
"TOTAL";"THS";"T";"PT";"RO42";25.2
"TOTAL";"THS";"T";"PT";"SE";1247.2
"TOTAL";"THS";"T";"PT";"SE1";471.2
"TOTAL";"THS";"T";"PT";"SE11";270.1
"TOTAL";"THS";"T";"PT";"SE12";201.1
"TOTAL";"THS";"T";"PT";"SE2";571.3
"TOTAL";"THS";"T";"PT";"SE21";118.1
"TOTAL";"THS";"T";"PT";"SE22";188.5
"TOTAL";"THS";"T";"PT";"SE23";264.7
"TOTAL";"THS";"T";"PT";"SE3";204.6
"TOTAL";"THS";"T";"PT";"SE31";96.2
"TOTAL";"THS";"T";"PT";"SE32";45.9
"TOTAL";"THS";"T";"PT";"SE33";62.6
"TOTAL";"THS";"T";"PT";"SI";102.6
"TOTAL";"THS";"T";"PT";"SI0";102.6
"TOTAL";"THS";"T";"PT";"SI03";51.9
"TOTAL";"THS";"T";"PT";"SI04";50.7
"TOTAL";"THS";"T";"PT";"SK";123.7
"TOTAL";"THS";"T";"PT";"SK0";123.7
"TOTAL";"THS";"T";"PT";"SK01";16.3
"TOTAL";"THS";"T";"PT";"SK02";30.2
"TOTAL";"THS";"T";"PT";"SK03";36.8
"TOTAL";"THS";"T";"PT";"SK04";40.5
"TOTAL";"THS";"T";"PT";"UK";8215.4
"TOTAL";"THS";"T";"PT";"UKC";312.9
"TOTAL";"THS";"T";"PT";"UKC1";133.4
"TOTAL";"THS";"T";"PT";"UKC2";179.5
"TOTAL";"THS";"T";"PT";"UKD";842.6
"TOTAL";"THS";"T";"PT";"UKD1";64.9
"TOTAL";"THS";"T";"PT";"UKD3";316.4
"TOTAL";"THS";"T";"PT";"UKD4";177.2
"TOTAL";"THS";"T";"PT";"UKD6";120.3
"TOTAL";"THS";"T";"PT";"UKD7";163.8
"TOTAL";"THS";"T";"PT";"UKE";696.4
"TOTAL";"THS";"T";"PT";"UKE1";126.3
"TOTAL";"THS";"T";"PT";"UKE2";108.3
"TOTAL";"THS";"T";"PT";"UKE3";174.7
"TOTAL";"THS";"T";"PT";"UKE4";287
"TOTAL";"THS";"T";"PT";"UKF";604.5
"TOTAL";"THS";"T";"PT";"UKF1";275.2
"TOTAL";"THS";"T";"PT";"UKF2";229.8
"TOTAL";"THS";"T";"PT";"UKF3";99.5
"TOTAL";"THS";"T";"PT";"UKG";692.6
"TOTAL";"THS";"T";"PT";"UKG1";185.8
"TOTAL";"THS";"T";"PT";"UKG2";206.1
"TOTAL";"THS";"T";"PT";"UKG3";300.7
"TOTAL";"THS";"T";"PT";"UKH";800.8
"TOTAL";"THS";"T";"PT";"UKH1";352.3
"TOTAL";"THS";"T";"PT";"UKH2";233.3
"TOTAL";"THS";"T";"PT";"UKH3";215.1
"TOTAL";"THS";"T";"PT";"UKI";949
"TOTAL";"THS";"T";"PT";"UKI3";121.6
"TOTAL";"THS";"T";"PT";"UKI4";256.2
"TOTAL";"THS";"T";"PT";"UKI5";193
"TOTAL";"THS";"T";"PT";"UKI6";139.9
"TOTAL";"THS";"T";"PT";"UKI7";238.3
"TOTAL";"THS";"T";"PT";"UKJ";1220.7
"TOTAL";"THS";"T";"PT";"UKJ1";312.5
"TOTAL";"THS";"T";"PT";"UKJ2";396.2
"TOTAL";"THS";"T";"PT";"UKJ3";285.4
"TOTAL";"THS";"T";"PT";"UKJ4";226.6
"TOTAL";"THS";"T";"PT";"UKK";796.6
"TOTAL";"THS";"T";"PT";"UKK1";348.1
"TOTAL";"THS";"T";"PT";"UKK2";186.4
"TOTAL";"THS";"T";"PT";"UKK3";83.4
"TOTAL";"THS";"T";"PT";"UKK4";178.6
"TOTAL";"THS";"T";"PT";"UKL";383.3
"TOTAL";"THS";"T";"PT";"UKL1";232.9
"TOTAL";"THS";"T";"PT";"UKL2";150.3
"TOTAL";"THS";"T";"PT";"UKM";723.6
"TOTAL";"THS";"T";"PT";"UKM2";274.4
"TOTAL";"THS";"T";"PT";"UKM3";286.6
"TOTAL";"THS";"T";"PT";"UKM5";63.7
"TOTAL";"THS";"T";"PT";"UKM6";99
"TOTAL";"THS";"T";"PT";"UKN";192.7
"TOTAL";"THS";"T";"PT";"UKN0";192.7
